Workbook

Sheet Hoja1
A1: estado | B1: mes | C1: año | D1: rateper100000people | E1: unemployment rate | F1: population | G1: ind | H1: GDP | I1: rgdp | J1: rgdpgrowth | K1: poverty
A2: Alabama | B2: 1 | C2: 2021 | D2: 12.2 | E2: 4.2 | F2: 5050380 | G2: =+A2&C2 -> Alabama2021 | H2: =+INDEX(Sheet1!C:C, MATCH(Hoja1!G2, Sheet1!D:D, 0)) -> 260018.4 | I2: =+INDEX(Sheet1!G:G, MATCH(Hoja1!G2, Sheet1!I:I, 0)) -> 107899 | J2: =+INDEX(Sheet1!H:H, MATCH(Hoja1!G2, Sheet1!I:I, 0)) -> 0.05145246 | K2: =+INDEX(Sheet1!L:L, MATCH(Hoja1!G2,Sheet1!M:M, 0)) -> 15.9
A3: Alabama | B3: 2 | C3: 2021 | D3: 11.5 | E3: 3.9 | F3: 5050380 | G3: =+A3&C3 -> Alabama2021 | H3: =+INDEX(Sheet1!C:C, MATCH(Hoja1!G3, Sheet1!D:D, 0)) -> 260018.4 | I3: =+INDEX(Sheet1!G:G, MATCH(Hoja1!G3, Sheet1!I:I, 0)) -> 107899 | J3: =+INDEX(Sheet1!H:H, MATCH(Hoja1!G3, Sheet1!I:I, 0)) -> 0.05145246 | K3: =+INDEX(Sheet1!L:L, MATCH(Hoja1!G3,Sheet1!M:M, 0)) -> 15.9
A4: Alabama | B4: 3 | C4: 2021 | D4: 12.08 | E4: 3.8 | F4: 5050380 | G4: =+A4&C4 -> Alabama2021 | H4: =+INDEX(Sheet1!C:C, MATCH(Hoja1!G4, Sheet1!D:D, 0)) -> 260018.4 | I4: =+INDEX(Sheet1!G:G, MATCH(Hoja1!G4, Sheet1!I:I, 0)) -> 107899 | J4: =+INDEX(Sheet1!H:H, MATCH(Hoja1!G4, Sheet1!I:I, 0)) -> 0.05145246 | K4: =+INDEX(Sheet1!L:L, MATCH(Hoja1!G4,Sheet1!M:M, 0)) -> 15.9
A5: Alabama | B5: 4 | C5: 2021 | D5: 10.94 | E5: 3.7 | F5: 5050380 | G5: =+A5&C5 -> Alabama2021 | H5: =+INDEX(Sheet1!C:C, MATCH(Hoja1!G5, Sheet1!D:D, 0)) -> 260018.4 | I5: =+INDEX(Sheet1!G:G, MATCH(Hoja1!G5, Sheet1!I:I, 0)) -> 107899 | J5: =+INDEX(Sheet1!H:H, MATCH(Hoja1!G5, Sheet1!I:I, 0)) -> 0.05145246 | K5: =+INDEX(Sheet1!L:L, MATCH(Hoja1!G5,Sheet1!M:M, 0)) -> 15.9
A6: Alabama | B6: 5 | C6: 2021 | D6: 12.38 | E6: 3.5 | F6: 5050380 | G6: =+A6&C6 -> Alabama2021 | H6: =+INDEX(Sheet1!C:C, MATCH(Hoja1!G6, Sheet1!D:D, 0)) -> 260018.4 | I6: =+INDEX(Sheet1!G:G, MATCH(Hoja1!G6, Sheet1!I:I, 0)) -> 107899 | J6: =+INDEX(Sheet1!H:H, MATCH(Hoja1!G6, Sheet1!I:I, 0)) -> 0.05145246 | K6: =+INDEX(Sheet1!L:L, MATCH(Hoja1!G6,Sheet1!M:M, 0)) -> 15.9
A7: Alabama | B7: 6 | C7: 2021 | D7: 12.47 | E7: 3.5 | F7: 5050380 | G7: =+A7&C7 -> Alabama2021 | H7: =+INDEX(Sheet1!C:C, MATCH(Hoja1!G7, Sheet1!D:D, 0)) -> 260018.4 | I7: =+INDEX(Sheet1!G:G, MATCH(Hoja1!G7, Sheet1!I:I, 0)) -> 107899 | J7: =+INDEX(Sheet1!H:H, MATCH(Hoja1!G7, Sheet1!I:I, 0)) -> 0.05145246 | K7: =+INDEX(Sheet1!L:L, MATCH(Hoja1!G7,Sheet1!M:M, 0)) -> 15.9
A8: Alabama | B8: 7 | C8: 2021 | D8: 16.4 | E8: 3.3 | F8: 5050380 | G8: =+A8&C8 -> Alabama2021 | H8: =+INDEX(Sheet1!C:C, MATCH(Hoja1!G8, Sheet1!D:D, 0)) -> 260018.4 | I8: =+INDEX(Sheet1!G:G, MATCH(Hoja1!G8, Sheet1!I:I, 0)) -> 107899 | J8: =+INDEX(Sheet1!H:H, MATCH(Hoja1!G8, Sheet1!I:I, 0)) -> 0.05145246 | K8: =+INDEX(Sheet1!L:L, MATCH(Hoja1!G8,Sheet1!M:M, 0)) -> 15.9
A9: Alabama | B9: 8 | C9: 2021 | D9: 14.87 | E9: 3.2 | F9: 5050380 | G9: =+A9&C9 -> Alabama2021 | H9: =+INDEX(Sheet1!C:C, MATCH(Hoja1!G9, Sheet1!D:D, 0)) -> 260018.4 | I9: =+INDEX(Sheet1!G:G, MATCH(Hoja1!G9, Sheet1!I:I, 0)) -> 107899 | J9: =+INDEX(Sheet1!H:H, MATCH(Hoja1!G9, Sheet1!I:I, 0)) -> 0.05145246 | K9: =+INDEX(Sheet1!L:L, MATCH(Hoja1!G9,Sheet1!M:M, 0)) -> 15.9
A10: Alabama | B10: 9 | C10: 2021 | D10: 15.28 | E10: 3 | F10: 5050380 | G10: =+A10&C10 -> Alabama2021 | H10: =+INDEX(Sheet1!C:C, MATCH(Hoja1!G10, Sheet1!D:D, 0)) -> 260018.4 | I10: =+INDEX(Sheet1!G:G, MATCH(Hoja1!G10, Sheet1!I:I, 0)) -> 107899 | J10: =+INDEX(Sheet1!H:H, MATCH(Hoja1!G10, Sheet1!I:I, 0)) -> 0.05145246 | K10: =+INDEX(Sheet1!L:L, MATCH(Hoja1!G10,Sheet1!M:M, 0)) -> 15.9
A11: Alabama | B11: 10 | C11: 2021 | D11: 17.98 | E11: 2.9 | F11: 5050380 | G11: =+A11&C11 -> Alabama2021 | H11: =+INDEX(Sheet1!C:C, MATCH(Hoja1!G11, Sheet1!D:D, 0)) -> 260018.4 | I11: =+INDEX(Sheet1!G:G, MATCH(Hoja1!G11, Sheet1!I:I, 0)) -> 107899 | J11: =+INDEX(Sheet1!H:H, MATCH(Hoja1!G11, Sheet1!I:I, 0)) -> 0.05145246 | K11: =+INDEX(Sheet1!L:L, MATCH(Hoja1!G11,Sheet1!M:M, 0)) -> 15.9
A12: Alabama | B12: 11 | C12: 2021 | D12: 18.05 | E12: 2.8 | F12: 5050380 | G12: =+A12&C12 -> Alabama2021 | H12: =+INDEX(Sheet1!C:C, MATCH(Hoja1!G12, Sheet1!D:D, 0)) -> 260018.4 | I12: =+INDEX(Sheet1!G:G, MATCH(Hoja1!G12, Sheet1!I:I, 0)) -> 107899 | J12: =+INDEX(Sheet1!H:H, MATCH(Hoja1!G12, Sheet1!I:I, 0)) -> 0.05145246 | K12: =+INDEX(Sheet1!L:L, MATCH(Hoja1!G12,Sheet1!M:M, 0)) -> 15.9
A13: Alabama | B13: 12 | C13: 2021 | D13: 20.46 | E13: 2.7 | F13: 5050380 | G13: =+A13&C13 -> Alabama2021 | H13: =+INDEX(Sheet1!C:C, MATCH(Hoja1!G13, Sheet1!D:D, 0)) -> 260018.4 | I13: =+INDEX(Sheet1!G:G, MATCH(Hoja1!G13, Sheet1!I:I, 0)) -> 107899 | J13: =+INDEX(Sheet1!H:H, MATCH(Hoja1!G13, Sheet1!I:I, 0)) -> 0.05145246 | K13: =+INDEX(Sheet1!L:L, MATCH(Hoja1!G13,Sheet1!M:M, 0)) -> 15.9
... A148: California | B148: 3 | C148: 2021 | D148: 9.77 | E148: 8.4 | F148: 39145060 | G148: =+A148&C148 -> California2021 | H148: =+INDEX(Sheet1!C:C, MATCH(Hoja1!G148, Sheet1!D:D, 0)) -> 3423958.3 | I148: =+INDEX(Sheet1!G:G, MATCH(Hoja1!G148, Sheet1!I:I, 0)) -> 115093 | J148: =+INDEX(Sheet1!H:H, MATCH(Hoja1!G148, Sheet1!I:I, 0)) -> 0.075293832 | K148: =+INDEX(Sheet1!L:L, MATCH(Hoja1!G148,Sheet1!M:M, 0)) -> 11.9
A149: California | B149: 4 | C149: 2021 | D149: 10 | E149: 8.3 | F149: 39145060 | G149: =+A149&C149 -> California2021 | H149: =+INDEX(Sheet1!C:C, MATCH(Hoja1!G149, Sheet1!D:D, 0)) -> 3423958.3 | I149: =+INDEX(Sheet1!G:G, MATCH(Hoja1!G149, Sheet1!I:I, 0)) -> 115093 | J149: =+INDEX(Sheet1!H:H, MATCH(Hoja1!G149, Sheet1!I:I, 0)) -> 0.075293832 | K149: =+INDEX(Sheet1!L:L, MATCH(Hoja1!G149,Sheet1!M:M, 0)) -> 11.9
A150: California | B150: 5 | C150: 2021 | D150: 12.52 | E150: 7.9 | F150: 39145060 | G150: =+A150&C150 -> California2021 | H150: =+INDEX(Sheet1!C:C, MATCH(Hoja1!G150, Sheet1!D:D, 0)) -> 3423958.3 | I150: =+INDEX(Sheet1!G:G, MATCH(Hoja1!G150, Sheet1!I:I, 0)) -> 115093 | J150: =+INDEX(Sheet1!H:H, MATCH(Hoja1!G150, Sheet1!I:I, 0)) -> 0.075293832 | K150: =+INDEX(Sheet1!L:L, MATCH(Hoja1!G150,Sheet1!M:M, 0)) -> 11.9
A151: California | B151: 6 | C151: 2021 | D151: 11.86 | E151: 7.8 | F151: 39145060 | G151: =+A151&C151 -> California2021 | H151: =+INDEX(Sheet1!C:C, MATCH(Hoja1!G151, Sheet1!D:D, 0)) -> 3423958.3 | I151: =+INDEX(Sheet1!G:G, MATCH(Hoja1!G151, Sheet1!I:I, 0)) -> 115093 | J151: =+INDEX(Sheet1!H:H, MATCH(Hoja1!G151, Sheet1!I:I, 0)) -> 0.075293832 | K151: =+INDEX(Sheet1!L:L, MATCH(Hoja1!G151,Sheet1!M:M, 0)) -> 11.9
A152: California | B152: 7 | C152: 2021 | D152: 13.37 | E152: 7.4 | F152: 39145060 | G152: =+A152&C152 -> California2021 | H152: =+INDEX(Sheet1!C:C, MATCH(Hoja1!G152, Sheet1!D:D, 0)) -> 3423958.3 | I152: =+INDEX(Sheet1!G:G, MATCH(Hoja1!G152, Sheet1!I:I, 0)) -> 115093 | J152: =+INDEX(Sheet1!H:H, MATCH(Hoja1!G152, Sheet1!I:I, 0)) -> 0.075293832 | K152: =+INDEX(Sheet1!L:L, MATCH(Hoja1!G152,Sheet1!M:M, 0)) -> 11.9
A153: California | B153: 8 | C153: 2021 | D153: 12.46 | E153: 7 | F153: 39145060 | G153: =+A153&C153 -> California2021 | H153: =+INDEX(Sheet1!C:C, MATCH(Hoja1!G153, Sheet1!D:D, 0)) -> 3423958.3 | I153: =+INDEX(Sheet1!G:G, MATCH(Hoja1!G153, Sheet1!I:I, 0)) -> 115093 | J153: =+INDEX(Sheet1!H:H, MATCH(Hoja1!G153, Sheet1!I:I, 0)) -> 0.075293832 | K153: =+INDEX(Sheet1!L:L, MATCH(Hoja1!G153,Sheet1!M:M, 0)) -> 11.9
A154: California | B154: 9 | C154: 2021 | D154: 12.67 | E154: 6.5 | F154: 39145060 | G154: =+A154&C154 -> California2021 | H154: =+INDEX(Sheet1!C:C, MATCH(Hoja1!G154, Sheet1!D:D, 0)) -> 3423958.3 | I154: =+INDEX(Sheet1!G:G, MATCH(Hoja1!G154, Sheet1!I:I, 0)) -> 115093 | J154: =+INDEX(Sheet1!H:H, MATCH(Hoja1!G154, Sheet1!I:I, 0)) -> 0.075293832 | K154: =+INDEX(Sheet1!L:L, MATCH(Hoja1!G154,Sheet1!M:M, 0)) -> 11.9
A155: California | B155: 10 | C155: 2021 | D155: 12.91 | E155: 6.1 | F155: 39145060 | G155: =+A155&C155 -> California2021 | H155: =+INDEX(Sheet1!C:C, MATCH(Hoja1!G155, Sheet1!D:D, 0)) -> 3423958.3 | I155: =+INDEX(Sheet1!G:G, MATCH(Hoja1!G155, Sheet1!I:I, 0)) -> 115093 | J155: =+INDEX(Sheet1!H:H, MATCH(Hoja1!G155, Sheet1!I:I, 0)) -> 0.075293832 | K155: =+INDEX(Sheet1!L:L, MATCH(Hoja1!G155,Sheet1!M:M, 0)) -> 11.9
A156: California | B156: 11 | C156: 2021 | D156: 15.37 | E156: 5.7 | F156: 39145060 | G156: =+A156&C156 -> California2021 | H156: =+INDEX(Sheet1!C:C, MATCH(Hoja1!G156, Sheet1!D:D, 0)) -> 3423958.3 | I156: =+INDEX(Sheet1!G:G, MATCH(Hoja1!G156, Sheet1!I:I, 0)) -> 115093 | J156: =+INDEX(Sheet1!H:H, MATCH(Hoja1!G156, Sheet1!I:I, 0)) -> 0.075293832 | K156: =+INDEX(Sheet1!L:L, MATCH(Hoja1!G156,Sheet1!M:M, 0)) -> 11.9
A157: California | B157: 12 | C157: 2021 | D157: 16.3 | E157: 5.5 | F157: 39145060 | G157: =+A157&C157 -> California2021 | H157: =+INDEX(Sheet1!C:C, MATCH(Hoja1!G157, Sheet1!D:D, 0)) -> 3423958.3 | I157: =+INDEX(Sheet1!G:G, MATCH(Hoja1!G157, Sheet1!I:I, 0)) -> 115093 | J157: =+INDEX(Sheet1!H:H, MATCH(Hoja1!G157, Sheet1!I:I, 0)) -> 0.075293832 | K157: =+INDEX(Sheet1!L:L, MATCH(Hoja1!G157,Sheet1!M:M, 0)) -> 11.9
A158: California | B158: 1 | C158: 2022 | D158: 16.97 | E158: 5.2 | F158: 39040616 | G158: =+A158&C158 -> California2022 | H158: =+INDEX(Sheet1!C:C, MATCH(Hoja1!G158, Sheet1!D:D, 0)) -> 3660415.7 | I158: =+INDEX(Sheet1!G:G, MATCH(Hoja1!G158, Sheet1!I:I, 0)) -> 116181 | J158: =+INDEX(Sheet1!H:H, MATCH(Hoja1!G158, Sheet1!I:I, 0)) -> 0.0094532248 | K158: =+INDEX(Sheet1!L:L, MATCH(Hoja1!G158,Sheet1!M:M, 0)) -> 11.2
A159: California | B159: 2 | C159: 2022 | D159: 17.81 | E159: 4.8 | F159: 39040616 | G159: =+A159&C159 -> California2022 | H159: =+INDEX(Sheet1!C:C, MATCH(Hoja1!G159, Sheet1!D:D, 0)) -> 3660415.7 | I159: =+INDEX(Sheet1!G:G, MATCH(Hoja1!G159, Sheet1!I:I, 0)) -> 116181 | J159: =+INDEX(Sheet1!H:H, MATCH(Hoja1!G159, Sheet1!I:I, 0)) -> 0.0094532248 | K159: =+INDEX(Sheet1!L:L, MATCH(Hoja1!G159,Sheet1!M:M, 0)) -> 11.2
A160: California | B160: 3 | C160: 2022 | D160: 18.97 | E160: 4.4 | F160: 39040616 | G160: =+A160&C160 -> California2022 | H160: =+INDEX(Sheet1!C:C, MATCH(Hoja1!G160, Sheet1!D:D, 0)) -> 3660415.7 | I160: =+INDEX(Sheet1!G:G, MATCH(Hoja1!G160, Sheet1!I:I, 0)) -> 116181 | J160: =+INDEX(Sheet1!H:H, MATCH(Hoja1!G160, Sheet1!I:I, 0)) -> 0.0094532248 | K160: =+INDEX(Sheet1!L:L, MATCH(Hoja1!G160,Sheet1!M:M, 0)) -> 11.2
A161: California | B161: 4 | C161: 2022 | D161: 18.13 | E161: 4.2 | F161: 39040616 | G161: =+A161&C161 -> California2022 | H161: =+INDEX(Sheet1!C:C, MATCH(Hoja1!G161, Sheet1!D:D, 0)) -> 3660415.7 | I161: =+INDEX(Sheet1!G:G, MATCH(Hoja1!G161, Sheet1!I:I, 0)) -> 116181 | J161: =+INDEX(Sheet1!H:H, MATCH(Hoja1!G161, Sheet1!I:I, 0)) -> 0.0094532248 | K161: =+INDEX(Sheet1!L:L, MATCH(Hoja1!G161,Sheet1!M:M, 0)) -> 11.2
... A213: Colorado | B213: 8 | C213: 2023 | D213: 31.77 | E213: 3.2 | F213: 5877610 | G213: =+A213&C213 -> Colorado2023 | H213: =+INDEX(Sheet1!C:C, MATCH(Hoja1!G213, Sheet1!D:D, 0)) -> 529626.5 | I213: =+INDEX(Sheet1!G:G, MATCH(Hoja1!G213, Sheet1!I:I, 0)) -> 124799 | J213: =+INDEX(Sheet1!H:H, MATCH(Hoja1!G213, Sheet1!I:I, 0)) -> 0.043548428 | K213: =+INDEX(Sheet1!L:L, MATCH(Hoja1!G213,Sheet1!M:M, 0)) -> 8.5
A214: Colorado | B214: 9 | C214: 2023 | D214: 29 | E214: 3.3 | F214: 5877610 | G214: =+A214&C214 -> Colorado2023 | H214: =+INDEX(Sheet1!C:C, MATCH(Hoja1!G214, Sheet1!D:D, 0)) -> 529626.5 | I214: =+INDEX(Sheet1!G:G, MATCH(Hoja1!G214, Sheet1!I:I, 0)) -> 124799 | J214: =+INDEX(Sheet1!H:H, MATCH(Hoja1!G214, Sheet1!I:I, 0)) -> 0.043548428 | K214: =+INDEX(Sheet1!L:L, MATCH(Hoja1!G214,Sheet1!M:M, 0)) -> 8.5
A215: Colorado | B215: 10 | C215: 2023 | D215: 32.22 | E215: 3.3 | F215: 5877610 | G215: =+A215&C215 -> Colorado2023 | H215: =+INDEX(Sheet1!C:C, MATCH(Hoja1!G215, Sheet1!D:D, 0)) -> 529626.5 | I215: =+INDEX(Sheet1!G:G, MATCH(Hoja1!G215, Sheet1!I:I, 0)) -> 124799 | J215: =+INDEX(Sheet1!H:H, MATCH(Hoja1!G215, Sheet1!I:I, 0)) -> 0.043548428 | K215: =+INDEX(Sheet1!L:L, MATCH(Hoja1!G215,Sheet1!M:M, 0)) -> 8.5
A216: Colorado | B216: 11 | C216: 2023 | D216: 34.35 | E216: 3.3 | F216: 5877610 | G216: =+A216&C216 -> Colorado2023 | H216: =+INDEX(Sheet1!C:C, MATCH(Hoja1!G216, Sheet1!D:D, 0)) -> 529626.5 | I216: =+INDEX(Sheet1!G:G, MATCH(Hoja1!G216, Sheet1!I:I, 0)) -> 124799 | J216: =+INDEX(Sheet1!H:H, MATCH(Hoja1!G216, Sheet1!I:I, 0)) -> 0.043548428 | K216: =+INDEX(Sheet1!L:L, MATCH(Hoja1!G216,Sheet1!M:M, 0)) -> 8.5
A217: Colorado | B217: 12 | C217: 2023 | D217: 37.79 | E217: 3.3 | F217: 5877610 | G217: =+A217&C217 -> Colorado2023 | H217: =+INDEX(Sheet1!C:C, MATCH(Hoja1!G217, Sheet1!D:D, 0)) -> 529626.5 | I217: =+INDEX(Sheet1!G:G, MATCH(Hoja1!G217, Sheet1!I:I, 0)) -> 124799 | J217: =+INDEX(Sheet1!H:H, MATCH(Hoja1!G217, Sheet1!I:I, 0)) -> 0.043548428 | K217: =+INDEX(Sheet1!L:L, MATCH(Hoja1!G217,Sheet1!M:M, 0)) -> 8.5
A218: Connecticut | B218: 1 | C218: 2021 | D218: 24.38 | E218: 7.1 | F218: 3603691 | G218: =+A218&C218 -> Connecticut2021 | H218: =+INDEX(Sheet1!C:C, MATCH(Hoja1!G218, Sheet1!D:D, 0)) -> 296801.3 | I218: =+INDEX(Sheet1!G:G, MATCH(Hoja1!G218, Sheet1!I:I, 0)) -> 98526 | J218: =+INDEX(Sheet1!H:H, MATCH(Hoja1!G218, Sheet1!I:I, 0)) -> 0.034795669 | K218: =+INDEX(Sheet1!L:L, MATCH(Hoja1!G218,Sheet1!M:M, 0)) -> 8
A219: Connecticut | B219: 2 | C219: 2021 | D219: 23.05 | E219: 7.1 | F219: 3603691 | G219: =+A219&C219 -> Connecticut2021 | H219: =+INDEX(Sheet1!C:C, MATCH(Hoja1!G219, Sheet1!D:D, 0)) -> 296801.3 | I219: =+INDEX(Sheet1!G:G, MATCH(Hoja1!G219, Sheet1!I:I, 0)) -> 98526 | J219: =+INDEX(Sheet1!H:H, MATCH(Hoja1!G219, Sheet1!I:I, 0)) -> 0.034795669 | K219: =+INDEX(Sheet1!L:L, MATCH(Hoja1!G219,Sheet1!M:M, 0)) -> 8
A220: Connecticut | B220: 3 | C220: 2021 | D220: 23.8 | E220: 7 | F220: 3603691 | G220: =+A220&C220 -> Connecticut2021 | H220: =+INDEX(Sheet1!C:C, MATCH(Hoja1!G220, Sheet1!D:D, 0)) -> 296801.3 | I220: =+INDEX(Sheet1!G:G, MATCH(Hoja1!G220, Sheet1!I:I, 0)) -> 98526 | J220: =+INDEX(Sheet1!H:H, MATCH(Hoja1!G220, Sheet1!I:I, 0)) -> 0.034795669 | K220: =+INDEX(Sheet1!L:L, MATCH(Hoja1!G220,Sheet1!M:M, 0)) -> 8
A221: Connecticut | B221: 4 | C221: 2021 | D221: 21.02 | E221: 7.1 | F221: 3603691 | G221: =+A221&C221 -> Connecticut2021 | H221: =+INDEX(Sheet1!C:C, MATCH(Hoja1!G221, Sheet1!D:D, 0)) -> 296801.3 | I221: =+INDEX(Sheet1!G:G, MATCH(Hoja1!G221, Sheet1!I:I, 0)) -> 98526 | J221: =+INDEX(Sheet1!H:H, MATCH(Hoja1!G221, Sheet1!I:I, 0)) -> 0.034795669 | K221: =+INDEX(Sheet1!L:L, MATCH(Hoja1!G221,Sheet1!M:M, 0)) -> 8
A222: Connecticut | B222: 5 | C222: 2021 | D222: 22.99 | E222: 6.9 | F222: 3603691 | G222: =+A222&C222 -> Connecticut2021 | H222: =+INDEX(Sheet1!C:C, MATCH(Hoja1!G222, Sheet1!D:D, 0)) -> 296801.3 | I222: =+INDEX(Sheet1!G:G, MATCH(Hoja1!G222, Sheet1!I:I, 0)) -> 98526 | J222: =+INDEX(Sheet1!H:H, MATCH(Hoja1!G222, Sheet1!I:I, 0)) -> 0.034795669 | K222: =+INDEX(Sheet1!L:L, MATCH(Hoja1!G222,Sheet1!M:M, 0)) -> 8
A223: Connecticut | B223: 6 | C223: 2021 | D223: 25.27 | E223: 6.8 | F223: 3603691 | G223: =+A223&C223 -> Connecticut2021 | H223: =+INDEX(Sheet1!C:C, MATCH(Hoja1!G223, Sheet1!D:D, 0)) -> 296801.3 | I223: =+INDEX(Sheet1!G:G, MATCH(Hoja1!G223, Sheet1!I:I, 0)) -> 98526 | J223: =+INDEX(Sheet1!H:H, MATCH(Hoja1!G223, Sheet1!I:I, 0)) -> 0.034795669 | K223: =+INDEX(Sheet1!L:L, MATCH(Hoja1!G223,Sheet1!M:M, 0)) -> 8
A224: Connecticut | B224: 7 | C224: 2021 | D224: 25.13 | E224: 6.5 | F224: 3603691 | G224: =+A224&C224 -> Connecticut2021 | H224: =+INDEX(Sheet1!C:C, MATCH(Hoja1!G224, Sheet1!D:D, 0)) -> 296801.3 | I224: =+INDEX(Sheet1!G:G, MATCH(Hoja1!G224, Sheet1!I:I, 0)) -> 98526 | J224: =+INDEX(Sheet1!H:H, MATCH(Hoja1!G224, Sheet1!I:I, 0)) -> 0.034795669 | K224: =+INDEX(Sheet1!L:L, MATCH(Hoja1!G224,Sheet1!M:M, 0)) -> 8
A225: Connecticut | B225: 8 | C225: 2021 | D225: 23.82 | E225: 6.2 | F225: 3603691 | G225: =+A225&C225 -> Connecticut2021 | H225: =+INDEX(Sheet1!C:C, MATCH(Hoja1!G225, Sheet1!D:D, 0)) -> 296801.3 | I225: =+INDEX(Sheet1!G:G, MATCH(Hoja1!G225, Sheet1!I:I, 0)) -> 98526 | J225: =+INDEX(Sheet1!H:H, MATCH(Hoja1!G225, Sheet1!I:I, 0)) -> 0.034795669 | K225: =+INDEX(Sheet1!L:L, MATCH(Hoja1!G225,Sheet1!M:M, 0)) -> 8
A226: Connecticut | B226: 9 | C226: 2021 | D226: 24.43 | E226: 5.9 | F226: 3603691 | G226: =+A226&C226 -> Connecticut2021 | H226: =+INDEX(Sheet1!C:C, MATCH(Hoja1!G226, Sheet1!D:D, 0)) -> 296801.3 | I226: =+INDEX(Sheet1!G:G, MATCH(Hoja1!G226, Sheet1!I:I, 0)) -> 98526 | J226: =+INDEX(Sheet1!H:H, MATCH(Hoja1!G226, Sheet1!I:I, 0)) -> 0.034795669 | K226: =+INDEX(Sheet1!L:L, MATCH(Hoja1!G226,Sheet1!M:M, 0)) -> 8
... A523: Iowa | B523: 6 | C523: 2022 | D523: 23.22 | E523: 2.7 | F523: 3199693 | G523: =+A523&C523 -> Iowa2022 | H523: =+INDEX(Sheet1!C:C, MATCH(Hoja1!G523, Sheet1!D:D, 0)) -> 242752.9 | I523: =+INDEX(Sheet1!G:G, MATCH(Hoja1!G523, Sheet1!I:I, 0)) -> 107725 | J523: =+INDEX(Sheet1!H:H, MATCH(Hoja1!G523, Sheet1!I:I, 0)) -> 0.0021582801 | K523: =+INDEX(Sheet1!L:L, MATCH(Hoja1!G523,Sheet1!M:M, 0)) -> 9.4
A524: Iowa | B524: 7 | C524: 2022 | D524: 24 | E524: 2.8 | F524: 3199693 | G524: =+A524&C524 -> Iowa2022 | H524: =+INDEX(Sheet1!C:C, MATCH(Hoja1!G524, Sheet1!D:D, 0)) -> 242752.9 | I524: =+INDEX(Sheet1!G:G, MATCH(Hoja1!G524, Sheet1!I:I, 0)) -> 107725 | J524: =+INDEX(Sheet1!H:H, MATCH(Hoja1!G524, Sheet1!I:I, 0)) -> 0.0021582801 | K524: =+INDEX(Sheet1!L:L, MATCH(Hoja1!G524,Sheet1!M:M, 0)) -> 9.4
A525: Iowa | B525: 8 | C525: 2022 | D525: 24.52 | E525: 3 | F525: 3199693 | G525: =+A525&C525 -> Iowa2022 | H525: =+INDEX(Sheet1!C:C, MATCH(Hoja1!G525, Sheet1!D:D, 0)) -> 242752.9 | I525: =+INDEX(Sheet1!G:G, MATCH(Hoja1!G525, Sheet1!I:I, 0)) -> 107725 | J525: =+INDEX(Sheet1!H:H, MATCH(Hoja1!G525, Sheet1!I:I, 0)) -> 0.0021582801 | K525: =+INDEX(Sheet1!L:L, MATCH(Hoja1!G525,Sheet1!M:M, 0)) -> 9.4
A526: Iowa | B526: 9 | C526: 2022 | D526: 24.89 | E526: 3.1 | F526: 3199693 | G526: =+A526&C526 -> Iowa2022 | H526: =+INDEX(Sheet1!C:C, MATCH(Hoja1!G526, Sheet1!D:D, 0)) -> 242752.9 | I526: =+INDEX(Sheet1!G:G, MATCH(Hoja1!G526, Sheet1!I:I, 0)) -> 107725 | J526: =+INDEX(Sheet1!H:H, MATCH(Hoja1!G526, Sheet1!I:I, 0)) -> 0.0021582801 | K526: =+INDEX(Sheet1!L:L, MATCH(Hoja1!G526,Sheet1!M:M, 0)) -> 9.4
A527: Iowa | B527: 10 | C527: 2022 | D527: 23.62 | E527: 3.1 | F527: 3199693 | G527: =+A527&C527 -> Iowa2022 | H527: =+INDEX(Sheet1!C:C, MATCH(Hoja1!G527, Sheet1!D:D, 0)) -> 242752.9 | I527: =+INDEX(Sheet1!G:G, MATCH(Hoja1!G527, Sheet1!I:I, 0)) -> 107725 | J527: =+INDEX(Sheet1!H:H, MATCH(Hoja1!G527, Sheet1!I:I, 0)) -> 0.0021582801 | K527: =+INDEX(Sheet1!L:L, MATCH(Hoja1!G527,Sheet1!M:M, 0)) -> 9.4
A528: Iowa | B528: 11 | C528: 2022 | D528: 26.01 | E528: 3.1 | F528: 3199693 | G528: =+A528&C528 -> Iowa2022 | H528: =+INDEX(Sheet1!C:C, MATCH(Hoja1!G528, Sheet1!D:D, 0)) -> 242752.9 | I528: =+INDEX(Sheet1!G:G, MATCH(Hoja1!G528, Sheet1!I:I, 0)) -> 107725 | J528: =+INDEX(Sheet1!H:H, MATCH(Hoja1!G528, Sheet1!I:I, 0)) -> 0.0021582801 | K528: =+INDEX(Sheet1!L:L, MATCH(Hoja1!G528,Sheet1!M:M, 0)) -> 9.4
A529: Iowa | B529: 12 | C529: 2022 | D529: 27.67 | E529: 3 | F529: 3199693 | G529: =+A529&C529 -> Iowa2022 | H529: =+INDEX(Sheet1!C:C, MATCH(Hoja1!G529, Sheet1!D:D, 0)) -> 242752.9 | I529: =+INDEX(Sheet1!G:G, MATCH(Hoja1!G529, Sheet1!I:I, 0)) -> 107725 | J529: =+INDEX(Sheet1!H:H, MATCH(Hoja1!G529, Sheet1!I:I, 0)) -> 0.0021582801 | K529: =+INDEX(Sheet1!L:L, MATCH(Hoja1!G529,Sheet1!M:M, 0)) -> 9.4
A530: Iowa | B530: 1 | C530: 2023 | D530: 29.48 | E530: 2.9 | F530: 3207004 | G530: =+A530&C530 -> Iowa2023 | H530: =+INDEX(Sheet1!C:C, MATCH(Hoja1!G530, Sheet1!D:D, 0)) -> 254032 | I530: =+INDEX(Sheet1!G:G, MATCH(Hoja1!G530, Sheet1!I:I, 0)) -> 107977 | J530: =+INDEX(Sheet1!H:H, MATCH(Hoja1!G530, Sheet1!I:I, 0)) -> 0.0023392899 | K530: =+INDEX(Sheet1!L:L, MATCH(Hoja1!G530,Sheet1!M:M, 0)) -> 8
A531: Iowa | B531: 2 | C531: 2023 | D531: 25.23 | E531: 2.9 | F531: 3207004 | G531: =+A531&C531 -> Iowa2023 | H531: =+INDEX(Sheet1!C:C, MATCH(Hoja1!G531, Sheet1!D:D, 0)) -> 254032 | I531: =+INDEX(Sheet1!G:G, MATCH(Hoja1!G531, Sheet1!I:I, 0)) -> 107977 | J531: =+INDEX(Sheet1!H:H, MATCH(Hoja1!G531, Sheet1!I:I, 0)) -> 0.0023392899 | K531: =+INDEX(Sheet1!L:L, MATCH(Hoja1!G531,Sheet1!M:M, 0)) -> 8
A532: Iowa | B532: 3 | C532: 2023 | D532: 27.94 | E532: 2.8 | F532: 3207004 | G532: =+A532&C532 -> Iowa2023 | H532: =+INDEX(Sheet1!C:C, MATCH(Hoja1!G532, Sheet1!D:D, 0)) -> 254032 | I532: =+INDEX(Sheet1!G:G, MATCH(Hoja1!G532, Sheet1!I:I, 0)) -> 107977 | J532: =+INDEX(Sheet1!H:H, MATCH(Hoja1!G532, Sheet1!I:I, 0)) -> 0.0023392899 | K532: =+INDEX(Sheet1!L:L, MATCH(Hoja1!G532,Sheet1!M:M, 0)) -> 8
A533: Iowa | B533: 4 | C533: 2023 | D533: 27.34 | E533: 2.8 | F533: 3207004 | G533: =+A533&C533 -> Iowa2023 | H533: =+INDEX(Sheet1!C:C, MATCH(Hoja1!G533, Sheet1!D:D, 0)) -> 254032 | I533: =+INDEX(Sheet1!G:G, MATCH(Hoja1!G533, Sheet1!I:I, 0)) -> 107977 | J533: =+INDEX(Sheet1!H:H, MATCH(Hoja1!G533, Sheet1!I:I, 0)) -> 0.0023392899 | K533: =+INDEX(Sheet1!L:L, MATCH(Hoja1!G533,Sheet1!M:M, 0)) -> 8
A534: Iowa | B534: 5 | C534: 2023 | D534: 29.87 | E534: 2.8 | F534: 3207004 | G534: =+A534&C534 -> Iowa2023 | H534: =+INDEX(Sheet1!C:C, MATCH(Hoja1!G534, Sheet1!D:D, 0)) -> 254032 | I534: =+INDEX(Sheet1!G:G, MATCH(Hoja1!G534, Sheet1!I:I, 0)) -> 107977 | J534: =+INDEX(Sheet1!H:H, MATCH(Hoja1!G534, Sheet1!I:I, 0)) -> 0.0023392899 | K534: =+INDEX(Sheet1!L:L, MATCH(Hoja1!G534,Sheet1!M:M, 0)) -> 8
A535: Iowa | B535: 6 | C535: 2023 | D535: 29.81 | E535: 2.9 | F535: 3207004 | G535: =+A535&C535 -> Iowa2023 | H535: =+INDEX(Sheet1!C:C, MATCH(Hoja1!G535, Sheet1!D:D, 0)) -> 254032 | I535: =+INDEX(Sheet1!G:G, MATCH(Hoja1!G535, Sheet1!I:I, 0)) -> 107977 | J535: =+INDEX(Sheet1!H:H, MATCH(Hoja1!G535, Sheet1!I:I, 0)) -> 0.0023392899 | K535: =+INDEX(Sheet1!L:L, MATCH(Hoja1!G535,Sheet1!M:M, 0)) -> 8
A536: Iowa | B536: 7 | C536: 2023 | D536: 30.24 | E536: 3 | F536: 3207004 | G536: =+A536&C536 -> Iowa2023 | H536: =+INDEX(Sheet1!C:C, MATCH(Hoja1!G536, Sheet1!D:D, 0)) -> 254032 | I536: =+INDEX(Sheet1!G:G, MATCH(Hoja1!G536, Sheet1!I:I, 0)) -> 107977 | J536: =+INDEX(Sheet1!H:H, MATCH(Hoja1!G536, Sheet1!I:I, 0)) -> 0.0023392899 | K536: =+INDEX(Sheet1!L:L, MATCH(Hoja1!G536,Sheet1!M:M, 0)) -> 8
... A648: Louisiana | B648: 11 | C648: 2023 | D648: 33.35 | E648: 4 | F648: 4573749 | G648: =+A648&C648 -> Louisiana2023 | H648: =+INDEX(Sheet1!C:C, MATCH(Hoja1!G648, Sheet1!D:D, 0)) -> 314988.6 | I648: =+INDEX(Sheet1!G:G, MATCH(Hoja1!G648, Sheet1!I:I, 0)) -> 103663 | J648: =+INDEX(Sheet1!H:H, MATCH(Hoja1!G648, Sheet1!I:I, 0)) -> 0.049656234 | K648: =+INDEX(Sheet1!L:L, MATCH(Hoja1!G648,Sheet1!M:M, 0)) -> 21.5
A649: Louisiana | B649: 12 | C649: 2023 | D649: 35 | E649: 4 | F649: 4573749 | G649: =+A649&C649 -> Louisiana2023 | H649: =+INDEX(Sheet1!C:C, MATCH(Hoja1!G649, Sheet1!D:D, 0)) -> 314988.6 | I649: =+INDEX(Sheet1!G:G, MATCH(Hoja1!G649, Sheet1!I:I, 0)) -> 103663 | J649: =+INDEX(Sheet1!H:H, MATCH(Hoja1!G649, Sheet1!I:I, 0)) -> 0.049656234 | K649: =+INDEX(Sheet1!L:L, MATCH(Hoja1!G649,Sheet1!M:M, 0)) -> 21.5
A650: Maine | B650: 1 | C650: 2021 | D650: 14.65 | E650: 5.5 | F650: 1378787 | G650: =+A650&C650 -> Maine2021 | H650: =+INDEX(Sheet1!C:C, MATCH(Hoja1!G650, Sheet1!D:D, 0)) -> 79193.9 | I650: =+INDEX(Sheet1!G:G, MATCH(Hoja1!G650, Sheet1!I:I, 0)) -> 112923 | J650: =+INDEX(Sheet1!H:H, MATCH(Hoja1!G650, Sheet1!I:I, 0)) -> 0.05535514 | K650: =+INDEX(Sheet1!L:L, MATCH(Hoja1!G650,Sheet1!M:M, 0)) -> 9.1
A651: Maine | B651: 2 | C651: 2021 | D651: 16.1 | E651: 5.6 | F651: 1378787 | G651: =+A651&C651 -> Maine2021 | H651: =+INDEX(Sheet1!C:C, MATCH(Hoja1!G651, Sheet1!D:D, 0)) -> 79193.9 | I651: =+INDEX(Sheet1!G:G, MATCH(Hoja1!G651, Sheet1!I:I, 0)) -> 112923 | J651: =+INDEX(Sheet1!H:H, MATCH(Hoja1!G651, Sheet1!I:I, 0)) -> 0.05535514 | K651: =+INDEX(Sheet1!L:L, MATCH(Hoja1!G651,Sheet1!M:M, 0)) -> 9.1
A652: Maine | B652: 3 | C652: 2021 | D652: 13.12 | E652: 5.5 | F652: 1378787 | G652: =+A652&C652 -> Maine2021 | H652: =+INDEX(Sheet1!C:C, MATCH(Hoja1!G652, Sheet1!D:D, 0)) -> 79193.9 | I652: =+INDEX(Sheet1!G:G, MATCH(Hoja1!G652, Sheet1!I:I, 0)) -> 112923 | J652: =+INDEX(Sheet1!H:H, MATCH(Hoja1!G652, Sheet1!I:I, 0)) -> 0.05535514 | K652: =+INDEX(Sheet1!L:L, MATCH(Hoja1!G652,Sheet1!M:M, 0)) -> 9.1
A653: Maine | B653: 4 | C653: 2021 | D653: 14.57 | E653: 5.3 | F653: 1378787 | G653: =+A653&C653 -> Maine2021 | H653: =+INDEX(Sheet1!C:C, MATCH(Hoja1!G653, Sheet1!D:D, 0)) -> 79193.9 | I653: =+INDEX(Sheet1!G:G, MATCH(Hoja1!G653, Sheet1!I:I, 0)) -> 112923 | J653: =+INDEX(Sheet1!H:H, MATCH(Hoja1!G653, Sheet1!I:I, 0)) -> 0.05535514 | K653: =+INDEX(Sheet1!L:L, MATCH(Hoja1!G653,Sheet1!M:M, 0)) -> 9.1
A654: Maine | B654: 5 | C654: 2021 | D654: 13.12 | E654: 5 | F654: 1378787 | G654: =+A654&C654 -> Maine2021 | H654: =+INDEX(Sheet1!C:C, MATCH(Hoja1!G654, Sheet1!D:D, 0)) -> 79193.9 | I654: =+INDEX(Sheet1!G:G, MATCH(Hoja1!G654, Sheet1!I:I, 0)) -> 112923 | J654: =+INDEX(Sheet1!H:H, MATCH(Hoja1!G654, Sheet1!I:I, 0)) -> 0.05535514 | K654: =+INDEX(Sheet1!L:L, MATCH(Hoja1!G654,Sheet1!M:M, 0)) -> 9.1
A655: Maine | B655: 6 | C655: 2021 | D655: 12.84 | E655: 5.1 | F655: 1378787 | G655: =+A655&C655 -> Maine2021 | H655: =+INDEX(Sheet1!C:C, MATCH(Hoja1!G655, Sheet1!D:D, 0)) -> 79193.9 | I655: =+INDEX(Sheet1!G:G, MATCH(Hoja1!G655, Sheet1!I:I, 0)) -> 112923 | J655: =+INDEX(Sheet1!H:H, MATCH(Hoja1!G655, Sheet1!I:I, 0)) -> 0.05535514 | K655: =+INDEX(Sheet1!L:L, MATCH(Hoja1!G655,Sheet1!M:M, 0)) -> 9.1
A656: Maine | B656: 7 | C656: 2021 | D656: 13.86 | E656: 4.7 | F656: 1378787 | G656: =+A656&C656 -> Maine2021 | H656: =+INDEX(Sheet1!C:C, MATCH(Hoja1!G656, Sheet1!D:D, 0)) -> 79193.9 | I656: =+INDEX(Sheet1!G:G, MATCH(Hoja1!G656, Sheet1!I:I, 0)) -> 112923 | J656: =+INDEX(Sheet1!H:H, MATCH(Hoja1!G656, Sheet1!I:I, 0)) -> 0.05535514 | K656: =+INDEX(Sheet1!L:L, MATCH(Hoja1!G656,Sheet1!M:M, 0)) -> 9.1
A657: Maine | B657: 8 | C657: 2021 | D657: 13.99 | E657: 4.4 | F657: 1378787 | G657: =+A657&C657 -> Maine2021 | H657: =+INDEX(Sheet1!C:C, MATCH(Hoja1!G657, Sheet1!D:D, 0)) -> 79193.9 | I657: =+INDEX(Sheet1!G:G, MATCH(Hoja1!G657, Sheet1!I:I, 0)) -> 112923 | J657: =+INDEX(Sheet1!H:H, MATCH(Hoja1!G657, Sheet1!I:I, 0)) -> 0.05535514 | K657: =+INDEX(Sheet1!L:L, MATCH(Hoja1!G657,Sheet1!M:M, 0)) -> 9.1
A658: Maine | B658: 9 | C658: 2021 | D658: 12.91 | E658: 3.9 | F658: 1378787 | G658: =+A658&C658 -> Maine2021 | H658: =+INDEX(Sheet1!C:C, MATCH(Hoja1!G658, Sheet1!D:D, 0)) -> 79193.9 | I658: =+INDEX(Sheet1!G:G, MATCH(Hoja1!G658, Sheet1!I:I, 0)) -> 112923 | J658: =+INDEX(Sheet1!H:H, MATCH(Hoja1!G658, Sheet1!I:I, 0)) -> 0.05535514 | K658: =+INDEX(Sheet1!L:L, MATCH(Hoja1!G658,Sheet1!M:M, 0)) -> 9.1
A659: Maine | B659: 10 | C659: 2021 | D659: 17.65 | E659: 3.9 | F659: 1378787 | G659: =+A659&C659 -> Maine2021 | H659: =+INDEX(Sheet1!C:C, MATCH(Hoja1!G659, Sheet1!D:D, 0)) -> 79193.9 | I659: =+INDEX(Sheet1!G:G, MATCH(Hoja1!G659, Sheet1!I:I, 0)) -> 112923 | J659: =+INDEX(Sheet1!H:H, MATCH(Hoja1!G659, Sheet1!I:I, 0)) -> 0.05535514 | K659: =+INDEX(Sheet1!L:L, MATCH(Hoja1!G659,Sheet1!M:M, 0)) -> 9.1
A660: Maine | B660: 11 | C660: 2021 | D660: 18.02 | E660: 4 | F660: 1378787 | G660: =+A660&C660 -> Maine2021 | H660: =+INDEX(Sheet1!C:C, MATCH(Hoja1!G660, Sheet1!D:D, 0)) -> 79193.9 | I660: =+INDEX(Sheet1!G:G, MATCH(Hoja1!G660, Sheet1!I:I, 0)) -> 112923 | J660: =+INDEX(Sheet1!H:H, MATCH(Hoja1!G660, Sheet1!I:I, 0)) -> 0.05535514 | K660: =+INDEX(Sheet1!L:L, MATCH(Hoja1!G660,Sheet1!M:M, 0)) -> 9.1
A661: Maine | B661: 12 | C661: 2021 | D661: 17.8 | E661: 3.6 | F661: 1378787 | G661: =+A661&C661 -> Maine2021 | H661: =+INDEX(Sheet1!C:C, MATCH(Hoja1!G661, Sheet1!D:D, 0)) -> 79193.9 | I661: =+INDEX(Sheet1!G:G, MATCH(Hoja1!G661, Sheet1!I:I, 0)) -> 112923 | J661: =+INDEX(Sheet1!H:H, MATCH(Hoja1!G661, Sheet1!I:I, 0)) -> 0.05535514 | K661: =+INDEX(Sheet1!L:L, MATCH(Hoja1!G661,Sheet1!M:M, 0)) -> 9.1
... A665: Maine | B665: 4 | C665: 2022 | D665: 19.58 | E665: 3 | F665: 1389338 | G665: =+A665&C665 -> Maine2022 | H665: =+INDEX(Sheet1!C:C, MATCH(Hoja1!G665, Sheet1!D:D, 0)) -> 86493.3 | I665: =+INDEX(Sheet1!G:G, MATCH(Hoja1!G665, Sheet1!I:I, 0)) -> 115929 | J665: =+INDEX(Sheet1!H:H, MATCH(Hoja1!G665, Sheet1!I:I, 0)) -> 0.026619909 | K665: =+INDEX(Sheet1!L:L, MATCH(Hoja1!G665,Sheet1!M:M, 0)) -> 9.6
A666: Maine | B666: 5 | C666: 2022 | D666: 19 | E666: 2.8 | F666: 1389338 | G666: =+A666&C666 -> Maine2022 | H666: =+INDEX(Sheet1!C:C, MATCH(Hoja1!G666, Sheet1!D:D, 0)) -> 86493.3 | I666: =+INDEX(Sheet1!G:G, MATCH(Hoja1!G666, Sheet1!I:I, 0)) -> 115929 | J666: =+INDEX(Sheet1!H:H, MATCH(Hoja1!G666, Sheet1!I:I, 0)) -> 0.026619909 | K666: =+INDEX(Sheet1!L:L, MATCH(Hoja1!G666,Sheet1!M:M, 0)) -> 9.6
A667: Maine | B667: 6 | C667: 2022 | D667: 17.85 | E667: 2.5 | F667: 1389338 | G667: =+A667&C667 -> Maine2022 | H667: =+INDEX(Sheet1!C:C, MATCH(Hoja1!G667, Sheet1!D:D, 0)) -> 86493.3 | I667: =+INDEX(Sheet1!G:G, MATCH(Hoja1!G667, Sheet1!I:I, 0)) -> 115929 | J667: =+INDEX(Sheet1!H:H, MATCH(Hoja1!G667, Sheet1!I:I, 0)) -> 0.026619909 | K667: =+INDEX(Sheet1!L:L, MATCH(Hoja1!G667,Sheet1!M:M, 0)) -> 9.6
A668: Maine | B668: 7 | C668: 2022 | D668: 17.7 | E668: 2.4 | F668: 1389338 | G668: =+A668&C668 -> Maine2022 | H668: =+INDEX(Sheet1!C:C, MATCH(Hoja1!G668, Sheet1!D:D, 0)) -> 86493.3 | I668: =+INDEX(Sheet1!G:G, MATCH(Hoja1!G668, Sheet1!I:I, 0)) -> 115929 | J668: =+INDEX(Sheet1!H:H, MATCH(Hoja1!G668, Sheet1!I:I, 0)) -> 0.026619909 | K668: =+INDEX(Sheet1!L:L, MATCH(Hoja1!G668,Sheet1!M:M, 0)) -> 9.6
A669: Maine | B669: 8 | C669: 2022 | D669: 20.38 | E669: 2.1 | F669: 1389338 | G669: =+A669&C669 -> Maine2022 | H669: =+INDEX(Sheet1!C:C, MATCH(Hoja1!G669, Sheet1!D:D, 0)) -> 86493.3 | I669: =+INDEX(Sheet1!G:G, MATCH(Hoja1!G669, Sheet1!I:I, 0)) -> 115929 | J669: =+INDEX(Sheet1!H:H, MATCH(Hoja1!G669, Sheet1!I:I, 0)) -> 0.026619909 | K669: =+INDEX(Sheet1!L:L, MATCH(Hoja1!G669,Sheet1!M:M, 0)) -> 9.6
A670: Maine | B670: 9 | C670: 2022 | D670: 22.11 | E670: 2.2 | F670: 1389338 | G670: =+A670&C670 -> Maine2022 | H670: =+INDEX(Sheet1!C:C, MATCH(Hoja1!G670, Sheet1!D:D, 0)) -> 86493.3 | I670: =+INDEX(Sheet1!G:G, MATCH(Hoja1!G670, Sheet1!I:I, 0)) -> 115929 | J670: =+INDEX(Sheet1!H:H, MATCH(Hoja1!G670, Sheet1!I:I, 0)) -> 0.026619909 | K670: =+INDEX(Sheet1!L:L, MATCH(Hoja1!G670,Sheet1!M:M, 0)) -> 9.6
A671: Maine | B671: 10 | C671: 2022 | D671: 24.21 | E671: 2.3 | F671: 1389338 | G671: =+A671&C671 -> Maine2022 | H671: =+INDEX(Sheet1!C:C, MATCH(Hoja1!G671, Sheet1!D:D, 0)) -> 86493.3 | I671: =+INDEX(Sheet1!G:G, MATCH(Hoja1!G671, Sheet1!I:I, 0)) -> 115929 | J671: =+INDEX(Sheet1!H:H, MATCH(Hoja1!G671, Sheet1!I:I, 0)) -> 0.026619909 | K671: =+INDEX(Sheet1!L:L, MATCH(Hoja1!G671,Sheet1!M:M, 0)) -> 9.6
A672: Maine | B672: 11 | C672: 2022 | D672: 22.33 | E672: 2.6 | F672: 1389338 | G672: =+A672&C672 -> Maine2022 | H672: =+INDEX(Sheet1!C:C, MATCH(Hoja1!G672, Sheet1!D:D, 0)) -> 86493.3 | I672: =+INDEX(Sheet1!G:G, MATCH(Hoja1!G672, Sheet1!I:I, 0)) -> 115929 | J672: =+INDEX(Sheet1!H:H, MATCH(Hoja1!G672, Sheet1!I:I, 0)) -> 0.026619909 | K672: =+INDEX(Sheet1!L:L, MATCH(Hoja1!G672,Sheet1!M:M, 0)) -> 9.6
A673: Maine | B673: 12 | C673: 2022 | D673: 21.53 | E673: 2.4 | F673: 1389338 | G673: =+A673&C673 -> Maine2022 | H673: =+INDEX(Sheet1!C:C, MATCH(Hoja1!G673, Sheet1!D:D, 0)) -> 86493.3 | I673: =+INDEX(Sheet1!G:G, MATCH(Hoja1!G673, Sheet1!I:I, 0)) -> 115929 | J673: =+INDEX(Sheet1!H:H, MATCH(Hoja1!G673, Sheet1!I:I, 0)) -> 0.026619909 | K673: =+INDEX(Sheet1!L:L, MATCH(Hoja1!G673,Sheet1!M:M, 0)) -> 9.6
A674: Maine | B674: 1 | C674: 2023 | D674: 18.06 | E674: 3 | F674: 1395722 | G674: =+A674&C674 -> Maine2023 | H674: =+INDEX(Sheet1!C:C, MATCH(Hoja1!G674, Sheet1!D:D, 0)) -> 93270 | I674: =+INDEX(Sheet1!G:G, MATCH(Hoja1!G674, Sheet1!I:I, 0)) -> 119357 | J674: =+INDEX(Sheet1!H:H, MATCH(Hoja1!G674, Sheet1!I:I, 0)) -> 0.029569823 | K674: =+INDEX(Sheet1!L:L, MATCH(Hoja1!G674,Sheet1!M:M, 0)) -> 7.4
A675: Maine | B675: 2 | C675: 2023 | D675: 16.05 | E675: 3.2 | F675: 1395722 | G675: =+A675&C675 -> Maine2023 | H675: =+INDEX(Sheet1!C:C, MATCH(Hoja1!G675, Sheet1!D:D, 0)) -> 93270 | I675: =+INDEX(Sheet1!G:G, MATCH(Hoja1!G675, Sheet1!I:I, 0)) -> 119357 | J675: =+INDEX(Sheet1!H:H, MATCH(Hoja1!G675, Sheet1!I:I, 0)) -> 0.029569823 | K675: =+INDEX(Sheet1!L:L, MATCH(Hoja1!G675,Sheet1!M:M, 0)) -> 7.4
A676: Maine | B676: 3 | C676: 2023 | D676: 20.06 | E676: 3 | F676: 1395722 | G676: =+A676&C676 -> Maine2023 | H676: =+INDEX(Sheet1!C:C, MATCH(Hoja1!G676, Sheet1!D:D, 0)) -> 93270 | I676: =+INDEX(Sheet1!G:G, MATCH(Hoja1!G676, Sheet1!I:I, 0)) -> 119357 | J676: =+INDEX(Sheet1!H:H, MATCH(Hoja1!G676, Sheet1!I:I, 0)) -> 0.029569823 | K676: =+INDEX(Sheet1!L:L, MATCH(Hoja1!G676,Sheet1!M:M, 0)) -> 7.4
A677: Maine | B677: 4 | C677: 2023 | D677: 16.48 | E677: 2.5 | F677: 1395722 | G677: =+A677&C677 -> Maine2023 | H677: =+INDEX(Sheet1!C:C, MATCH(Hoja1!G677, Sheet1!D:D, 0)) -> 93270 | I677: =+INDEX(Sheet1!G:G, MATCH(Hoja1!G677, Sheet1!I:I, 0)) -> 119357 | J677: =+INDEX(Sheet1!H:H, MATCH(Hoja1!G677, Sheet1!I:I, 0)) -> 0.029569823 | K677: =+INDEX(Sheet1!L:L, MATCH(Hoja1!G677,Sheet1!M:M, 0)) -> 7.4
A678: Maine | B678: 5 | C678: 2023 | D678: 19.2 | E678: 2.6 | F678: 1395722 | G678: =+A678&C678 -> Maine2023 | H678: =+INDEX(Sheet1!C:C, MATCH(Hoja1!G678, Sheet1!D:D, 0)) -> 93270 | I678: =+INDEX(Sheet1!G:G, MATCH(Hoja1!G678, Sheet1!I:I, 0)) -> 119357 | J678: =+INDEX(Sheet1!H:H, MATCH(Hoja1!G678, Sheet1!I:I, 0)) -> 0.029569823 | K678: =+INDEX(Sheet1!L:L, MATCH(Hoja1!G678,Sheet1!M:M, 0)) -> 7.4
... A738: Massachusetts | B738: 5 | C738: 2022 | D738: 13.24 | E738: 3.7 | F738: 6982740 | G738: =+A738&C738 -> Massachusetts2022 | H738: =+INDEX(Sheet1!C:C, MATCH(Hoja1!G738, Sheet1!D:D, 0)) -> 695612.1 | I738: =+INDEX(Sheet1!G:G, MATCH(Hoja1!G738, Sheet1!I:I, 0)) -> 114699 | J738: =+INDEX(Sheet1!H:H, MATCH(Hoja1!G738, Sheet1!I:I, 0)) -> 0.020372034 | K738: =+INDEX(Sheet1!L:L, MATCH(Hoja1!G738,Sheet1!M:M, 0)) -> 9.6
A739: Massachusetts | B739: 6 | C739: 2022 | D739: 13 | E739: 3.6 | F739: 6982740 | G739: =+A739&C739 -> Massachusetts2022 | H739: =+INDEX(Sheet1!C:C, MATCH(Hoja1!G739, Sheet1!D:D, 0)) -> 695612.1 | I739: =+INDEX(Sheet1!G:G, MATCH(Hoja1!G739, Sheet1!I:I, 0)) -> 114699 | J739: =+INDEX(Sheet1!H:H, MATCH(Hoja1!G739, Sheet1!I:I, 0)) -> 0.020372034 | K739: =+INDEX(Sheet1!L:L, MATCH(Hoja1!G739,Sheet1!M:M, 0)) -> 9.6
A740: Massachusetts | B740: 7 | C740: 2022 | D740: 14.54 | E740: 3.6 | F740: 6982740 | G740: =+A740&C740 -> Massachusetts2022 | H740: =+INDEX(Sheet1!C:C, MATCH(Hoja1!G740, Sheet1!D:D, 0)) -> 695612.1 | I740: =+INDEX(Sheet1!G:G, MATCH(Hoja1!G740, Sheet1!I:I, 0)) -> 114699 | J740: =+INDEX(Sheet1!H:H, MATCH(Hoja1!G740, Sheet1!I:I, 0)) -> 0.020372034 | K740: =+INDEX(Sheet1!L:L, MATCH(Hoja1!G740,Sheet1!M:M, 0)) -> 9.6
A741: Massachusetts | B741: 8 | C741: 2022 | D741: 14.49 | E741: 3.7 | F741: 6982740 | G741: =+A741&C741 -> Massachusetts2022 | H741: =+INDEX(Sheet1!C:C, MATCH(Hoja1!G741, Sheet1!D:D, 0)) -> 695612.1 | I741: =+INDEX(Sheet1!G:G, MATCH(Hoja1!G741, Sheet1!I:I, 0)) -> 114699 | J741: =+INDEX(Sheet1!H:H, MATCH(Hoja1!G741, Sheet1!I:I, 0)) -> 0.020372034 | K741: =+INDEX(Sheet1!L:L, MATCH(Hoja1!G741,Sheet1!M:M, 0)) -> 9.6
A742: Massachusetts | B742: 9 | C742: 2022 | D742: 12.82 | E742: 3.6 | F742: 6982740 | G742: =+A742&C742 -> Massachusetts2022 | H742: =+INDEX(Sheet1!C:C, MATCH(Hoja1!G742, Sheet1!D:D, 0)) -> 695612.1 | I742: =+INDEX(Sheet1!G:G, MATCH(Hoja1!G742, Sheet1!I:I, 0)) -> 114699 | J742: =+INDEX(Sheet1!H:H, MATCH(Hoja1!G742, Sheet1!I:I, 0)) -> 0.020372034 | K742: =+INDEX(Sheet1!L:L, MATCH(Hoja1!G742,Sheet1!M:M, 0)) -> 9.6
A743: Massachusetts | B743: 10 | C743: 2022 | D743: 14.75 | E743: 3.7 | F743: 6982740 | G743: =+A743&C743 -> Massachusetts2022 | H743: =+INDEX(Sheet1!C:C, MATCH(Hoja1!G743, Sheet1!D:D, 0)) -> 695612.1 | I743: =+INDEX(Sheet1!G:G, MATCH(Hoja1!G743, Sheet1!I:I, 0)) -> 114699 | J743: =+INDEX(Sheet1!H:H, MATCH(Hoja1!G743, Sheet1!I:I, 0)) -> 0.020372034 | K743: =+INDEX(Sheet1!L:L, MATCH(Hoja1!G743,Sheet1!M:M, 0)) -> 9.6
A744: Massachusetts | B744: 11 | C744: 2022 | D744: 14.94 | E744: 3.6 | F744: 6982740 | G744: =+A744&C744 -> Massachusetts2022 | H744: =+INDEX(Sheet1!C:C, MATCH(Hoja1!G744, Sheet1!D:D, 0)) -> 695612.1 | I744: =+INDEX(Sheet1!G:G, MATCH(Hoja1!G744, Sheet1!I:I, 0)) -> 114699 | J744: =+INDEX(Sheet1!H:H, MATCH(Hoja1!G744, Sheet1!I:I, 0)) -> 0.020372034 | K744: =+INDEX(Sheet1!L:L, MATCH(Hoja1!G744,Sheet1!M:M, 0)) -> 9.6
A745: Massachusetts | B745: 12 | C745: 2022 | D745: 15.92 | E745: 3.5 | F745: 6982740 | G745: =+A745&C745 -> Massachusetts2022 | H745: =+INDEX(Sheet1!C:C, MATCH(Hoja1!G745, Sheet1!D:D, 0)) -> 695612.1 | I745: =+INDEX(Sheet1!G:G, MATCH(Hoja1!G745, Sheet1!I:I, 0)) -> 114699 | J745: =+INDEX(Sheet1!H:H, MATCH(Hoja1!G745, Sheet1!I:I, 0)) -> 0.020372034 | K745: =+INDEX(Sheet1!L:L, MATCH(Hoja1!G745,Sheet1!M:M, 0)) -> 9.6
A746: Massachusetts | B746: 1 | C746: 2023 | D746: 16.53 | E746: 3.5 | F746: 7001399 | G746: =+A746&C746 -> Massachusetts2023 | H746: =+INDEX(Sheet1!C:C, MATCH(Hoja1!G746, Sheet1!D:D, 0)) -> 736296.3 | I746: =+INDEX(Sheet1!G:G, MATCH(Hoja1!G746, Sheet1!I:I, 0)) -> 116105 | J746: =+INDEX(Sheet1!H:H, MATCH(Hoja1!G746, Sheet1!I:I, 0)) -> 0.012258171 | K746: =+INDEX(Sheet1!L:L, MATCH(Hoja1!G746,Sheet1!M:M, 0)) -> 9.1
A747: Massachusetts | B747: 2 | C747: 2023 | D747: 15.79 | E747: 3.6 | F747: 7001399 | G747: =+A747&C747 -> Massachusetts2023 | H747: =+INDEX(Sheet1!C:C, MATCH(Hoja1!G747, Sheet1!D:D, 0)) -> 736296.3 | I747: =+INDEX(Sheet1!G:G, MATCH(Hoja1!G747, Sheet1!I:I, 0)) -> 116105 | J747: =+INDEX(Sheet1!H:H, MATCH(Hoja1!G747, Sheet1!I:I, 0)) -> 0.012258171 | K747: =+INDEX(Sheet1!L:L, MATCH(Hoja1!G747,Sheet1!M:M, 0)) -> 9.1
A748: Massachusetts | B748: 3 | C748: 2023 | D748: 16.83 | E748: 3.5 | F748: 7001399 | G748: =+A748&C748 -> Massachusetts2023 | H748: =+INDEX(Sheet1!C:C, MATCH(Hoja1!G748, Sheet1!D:D, 0)) -> 736296.3 | I748: =+INDEX(Sheet1!G:G, MATCH(Hoja1!G748, Sheet1!I:I, 0)) -> 116105 | J748: =+INDEX(Sheet1!H:H, MATCH(Hoja1!G748, Sheet1!I:I, 0)) -> 0.012258171 | K748: =+INDEX(Sheet1!L:L, MATCH(Hoja1!G748,Sheet1!M:M, 0)) -> 9.1
A749: Massachusetts | B749: 4 | C749: 2023 | D749: 16.28 | E749: 3.2 | F749: 7001399 | G749: =+A749&C749 -> Massachusetts2023 | H749: =+INDEX(Sheet1!C:C, MATCH(Hoja1!G749, Sheet1!D:D, 0)) -> 736296.3 | I749: =+INDEX(Sheet1!G:G, MATCH(Hoja1!G749, Sheet1!I:I, 0)) -> 116105 | J749: =+INDEX(Sheet1!H:H, MATCH(Hoja1!G749, Sheet1!I:I, 0)) -> 0.012258171 | K749: =+INDEX(Sheet1!L:L, MATCH(Hoja1!G749,Sheet1!M:M, 0)) -> 9.1
A750: Massachusetts | B750: 5 | C750: 2023 | D750: 16.44 | E750: 3.3 | F750: 7001399 | G750: =+A750&C750 -> Massachusetts2023 | H750: =+INDEX(Sheet1!C:C, MATCH(Hoja1!G750, Sheet1!D:D, 0)) -> 736296.3 | I750: =+INDEX(Sheet1!G:G, MATCH(Hoja1!G750, Sheet1!I:I, 0)) -> 116105 | J750: =+INDEX(Sheet1!H:H, MATCH(Hoja1!G750, Sheet1!I:I, 0)) -> 0.012258171 | K750: =+INDEX(Sheet1!L:L, MATCH(Hoja1!G750,Sheet1!M:M, 0)) -> 9.1
A751: Massachusetts | B751: 6 | C751: 2023 | D751: 17.52 | E751: 3.3 | F751: 7001399 | G751: =+A751&C751 -> Massachusetts2023 | H751: =+INDEX(Sheet1!C:C, MATCH(Hoja1!G751, Sheet1!D:D, 0)) -> 736296.3 | I751: =+INDEX(Sheet1!G:G, MATCH(Hoja1!G751, Sheet1!I:I, 0)) -> 116105 | J751: =+INDEX(Sheet1!H:H, MATCH(Hoja1!G751, Sheet1!I:I, 0)) -> 0.012258171 | K751: =+INDEX(Sheet1!L:L, MATCH(Hoja1!G751,Sheet1!M:M, 0)) -> 9.1
... A783: Michigan | B783: 2 | C783: 2023 | D783: 20.6 | E783: 3.8 | F783: 10037261 | G783: =+A783&C783 -> Michigan2023 | H783: =+INDEX(Sheet1!C:C, MATCH(Hoja1!G783, Sheet1!D:D, 0)) -> 673818.1 | I783: =+INDEX(Sheet1!G:G, MATCH(Hoja1!G783, Sheet1!I:I, 0)) -> 109732 | J783: =+INDEX(Sheet1!H:H, MATCH(Hoja1!G783, Sheet1!I:I, 0)) -> 0.019378333 | K783: =+INDEX(Sheet1!L:L, MATCH(Hoja1!G783,Sheet1!M:M, 0)) -> 12.1
A784: Michigan | B784: 3 | C784: 2023 | D784: 22 | E784: 3.7 | F784: 10037261 | G784: =+A784&C784 -> Michigan2023 | H784: =+INDEX(Sheet1!C:C, MATCH(Hoja1!G784, Sheet1!D:D, 0)) -> 673818.1 | I784: =+INDEX(Sheet1!G:G, MATCH(Hoja1!G784, Sheet1!I:I, 0)) -> 109732 | J784: =+INDEX(Sheet1!H:H, MATCH(Hoja1!G784, Sheet1!I:I, 0)) -> 0.019378333 | K784: =+INDEX(Sheet1!L:L, MATCH(Hoja1!G784,Sheet1!M:M, 0)) -> 12.1
A785: Michigan | B785: 4 | C785: 2023 | D785: 22.73 | E785: 3.6 | F785: 10037261 | G785: =+A785&C785 -> Michigan2023 | H785: =+INDEX(Sheet1!C:C, MATCH(Hoja1!G785, Sheet1!D:D, 0)) -> 673818.1 | I785: =+INDEX(Sheet1!G:G, MATCH(Hoja1!G785, Sheet1!I:I, 0)) -> 109732 | J785: =+INDEX(Sheet1!H:H, MATCH(Hoja1!G785, Sheet1!I:I, 0)) -> 0.019378333 | K785: =+INDEX(Sheet1!L:L, MATCH(Hoja1!G785,Sheet1!M:M, 0)) -> 12.1
...

Sheet Sheet1
A1: GeoName | B1: Values | C1: GDP | D1: Ind | E1: GeoName | F1: Values | G1: rgdp | H1: rgdpgrowth | I1: ind2 | J1: State | K1: Values | L1: poverty | M1: ind3
A2: Alabama | B2: 2023 | C2: 304935.6 | D2: =+A2&B2 -> Alabama2023 | E2: Alabama | F2: 2021 | G2: 107899 | H2: 0.05145246 | I2: =+E2&F2 -> Alabama2021 | J2: Alabama | K2: 2021 | L2: 15.9 | M2: =+J2&K2 -> Alabama2021
A3: =+A2 -> Alabama | B3: 2022 | C3: 284949.1 | D3: =+A3&B3 -> Alabama2022 | E3: Alabama | F3: 2022 | G3: 110129 | H3: 0.020667476 | I3: =+E3&F3 -> Alabama2022 | J3: Alabama | K3: 2022 | L3: 13.6 | M3: =+J3&K3 -> Alabama2022
A4: =+A3 -> Alabama | B4: 2021 | C4: 260018.4 | D4: =+A4&B4 -> Alabama2021 | E4: Alabama | F4: 2023 | G4: 113267 | H4: 0.028493857 | I4: =+E4&F4 -> Alabama2023 | J4: Alabama | K4: 2023 | L4: 14.2 | M4: =+J4&K4 -> Alabama2023
A5: Alaska | B5: 2023 | C5: 68056 | D5: =+A5&B5 -> Alaska2023 | E5: Alaska | F5: 2021 | G5: 96085 | H5: 0.022278729 | I5: =+E5&F5 -> Alaska2021 | J5: Alaska | K5: 2021 | L5: 11.4 | M5: =+J5&K5 -> Alaska2021
A6: =+A5 -> Alaska | B6: 2022 | C6: 66271.9 | D6: =+A6&B6 -> Alaska2022 | E6: Alaska | F6: 2022 | G6: 94802 | H6: -0.013352761 | I6: =+E6&F6 -> Alaska2022 | J6: Alaska | K6: 2022 | L6: 9.6 | M6: =+J6&K6 -> Alaska2022
A7: =+A6 -> Alaska | B7: 2021 | C7: 58943.5 | D7: =+A7&B7 -> Alaska2021 | E7: Alaska | F7: 2023 | G7: 100950 | H7: 0.064850953 | I7: =+E7&F7 -> Alaska2023 | J7: Alaska | K7: 2023 | L7: 10.1 | M7: =+J7&K7 -> Alaska2023
A8: Arizona | B8: 2023 | C8: 522767.2 | D8: =+A8&B8 -> Arizona2023 | E8: Arizona | F8: 2021 | G8: 118594 | H8: 0.082210156 | I8: =+E8&F8 -> Arizona2021 | J8: Arizona | K8: 2021 | L8: 12.6 | M8: =+J8&K8 -> Arizona2021
A9: =+A8 -> Arizona | B9: 2022 | C9: 484052.2 | D9: =+A9&B9 -> Arizona2022 | E9: Arizona | F9: 2022 | G9: 123155 | H9: 0.038458944 | I9: =+E9&F9 -> Arizona2022 | J9: Arizona | K9: 2022 | L9: 12.7 | M9: =+J9&K9 -> Arizona2022
A10: =+A9 -> Arizona | B10: 2021 | C10: 436778.6 | D10: =+A10&B10 -> Arizona2021 | E10: Arizona | F10: 2023 | G10: 126809 | H10: 0.029669928 | I10: =+E10&F10 -> Arizona2023 | J10: Arizona | K10: 2023 | L10: 11.9 | M10: =+J10&K10 -> Arizona2023
A11: Arkansas | B11: 2023 | C11: 178606.4 | D11: =+A11&B11 -> Arkansas2023 | E11: Arkansas | F11: 2021 | G11: 110963 | H11: 0.071081767 | I11: =+E11&F11 -> Arkansas2021 | J11: Arkansas | K11: 2021 | L11: 16.8 | M11: =+J11&K11 -> Arkansas2021
A12: =+A11 -> Arkansas | B12: 2022 | C12: 168605.8 | D12: =+A12&B12 -> Arkansas2022 | E12: Arkansas | F12: 2022 | G12: 112656 | H12: 0.015257338 | I12: =+E12&F12 -> Arkansas2022 | J12: Arkansas | K12: 2022 | L12: 16.6 | M12: =+J12&K12 -> Arkansas2022
A13: =+A12 -> Arkansas | B13: 2021 | C13: 154052.5 | D13: =+A13&B13 -> Arkansas2021 | E13: Arkansas | F13: 2023 | G13: 115319 | H13: 0.023638333 | I13: =+E13&F13 -> Arkansas2023 | J13: Arkansas | K13: 2023 | L13: 13.8 | M13: =+J13&K13 -> Arkansas2023
A14: California | B14: 2023 | C14: 3870378.9 | D14: =+A14&B14 -> California2023 | E14: California | F14: 2021 | G14: 115093 | H14: 0.075293832 | I14: =+E14&F14 -> California2021 | J14: California | K14: 2021 | L14: 11.9 | M14: =+J14&K14 -> California2021
A15: =+A14 -> California | B15: 2022 | C15: 3660415.7 | D15: =+A15&B15 -> California2022 | E15: California | F15: 2022 | G15: 116181 | H15: 0.0094532248 | I15: =+E15&F15 -> California2022 | J15: California | K15: 2022 | L15: 11.2 | M15: =+J15&K15 -> California2022
A16: =+A15 -> California | B16: 2021 | C16: 3423958.3 | D16: =+A16&B16 -> California2021 | E16: California | F16: 2023 | G16: 118540 | H16: 0.020304525 | I16: =+E16&F16 -> California2023 | J16: California | K16: 2023 | L16: 11.9 | M16: =+J16&K16 -> California2023
A17: Colorado | B17: 2023 | C17: 529626.5 | D17: =+A17&B17 -> Colorado2023 | E17: Colorado | F17: 2021 | G17: 116060 | H17: 0.069076372 | I17: =+E17&F17 -> Colorado2021 | J17: Colorado | K17: 2021 | L17: 7.9 | M17: =+J17&K17 -> Colorado2021
A18: =+A17 -> Colorado | B18: 2022 | C18: 494672.8 | D18: =+A18&B18 -> Colorado2022 | E18: Colorado | F18: 2022 | G18: 119591 | H18: 0.030423919 | I18: =+E18&F18 -> Colorado2022 | J18: Colorado | K18: 2022 | L18: 8.1 | M18: =+J18&K18 -> Colorado2022
A19: =+A18 -> Colorado | B19: 2021 | C19: 445835.7 | D19: =+A19&B19 -> Colorado2021 | E19: Colorado | F19: 2023 | G19: 124799 | H19: 0.043548428 | I19: =+E19&F19 -> Colorado2023 | J19: Colorado | K19: 2023 | L19: 8.5 | M19: =+J19&K19 -> Colorado2023
A20: Connecticut | B20: 2023 | C20: 345911.9 | D20: =+A20&B20 -> Connecticut2023 | E20: Connecticut | F20: 2021 | G20: 98526 | H20: 0.034795669 | I20: =+E20&F20 -> Connecticut2021 | J20: Connecticut | K20: 2021 | L20: 8 | M20: =+J20&K20 -> Connecticut2021
A21: =+A20 -> Connecticut | B21: 2022 | C21: 321686.4 | D21: =+A21&B21 -> Connecticut2022 | E21: Connecticut | F21: 2022 | G21: 101862 | H21: 0.033859083 | I21: =+E21&F21 -> Connecticut2022 | J21: Connecticut | K21: 2022 | L21: 10.2 | M21: =+J21&K21 -> Connecticut2022
A22: =+A21 -> Connecticut | B22: 2021 | C22: 296801.3 | D22: =+A22&B22 -> Connecticut2021 | E22: Connecticut | F22: 2023 | G22: 104657 | H22: 0.027439084 | I22: =+E22&F22 -> Connecticut2023 | J22: Connecticut | K22: 2023 | L22: 8.3 | M22: =+J22&K22 -> Connecticut2023
A23: Delaware | B23: 2023 | C23: 98068.7 | D23: =+A23&B23 -> Delaware2023 | E23: Delaware | F23: 2021 | G23: 107334 | H23: 0.029651871 | I23: =+E23&F23 -> Delaware2021 | J23: Delaware | K23: 2021 | L23: 11.7 | M23: =+J23&K23 -> Delaware2021
A24: =+A23 -> Delaware | B24: 2022 | C24: 92558.2 | D24: =+A24&B24 -> Delaware2022 | E24: Delaware | F24: 2022 | G24: 110917 | H24: 0.03338178 | I24: =+E24&F24 -> Delaware2022 | J24: Delaware | K24: 2022 | L24: 9.3 | M24: =+J24&K24 -> Delaware2022
A25: =+A24 -> Delaware | B25: 2021 | C25: 83069.8 | D25: =+A25&B25 -> Delaware2021 | E25: Delaware | F25: 2023 | G25: 112161 | H25: 0.011215594 | I25: =+E25&F25 -> Delaware2023 | J25: Delaware | K25: 2023 | L25: 7.8 | M25: =+J25&K25 -> Delaware2023
A26: District of Columbia | B26: 2023 | C26: 176501.7 | D26: =+A26&B26 -> District of Columbia2023 | E26: District of Columbia | F26: 2021 | G26: 106584 | H26: 0.039955507 | I26: =+E26&F26 -> District of Columbia2021 | J26: District of Columbia | K26: 2021 | L26: 14 | M26: =+J26&K26 -> District of Columbia2021
A27: =+A26 -> District of Columbia | B27: 2022 | C27: 165768.4 | D27: =+A27&B27 -> District of Columbia2022 | E27: District of Columbia | F27: 2022 | G27: 107637 | H27: 0.0098795316 | I27: =+E27&F27 -> District of Columbia2022 | J27: District of Columbia | K27: 2022 | L27: 13.4 | M27: =+J27&K27 -> District of Columbia2022
A28: =+A27 -> District of Columbia | B28: 2021 | C28: 156537.5 | D28: =+A28&B28 -> District of Columbia2021 | E28: District of Columbia | F28: 2023 | G28: 108731 | H28: 0.010163791 | I28: =+E28&F28 -> District of Columbia2023 | J28: District of Columbia | K28: 2023 | L28: 12.7 | M28: =+J28&K28 -> District of Columbia2023
A29: Far West | B29: 2023 | C29: 5421427.9 | D29: =+A29&B29 -> Far West2023 | E29: Far West | F29: 2021 | G29: 114616 | H29: 0.07313328 | I29: =+E29&F29 -> Far West2021 | J29: Florida | K29: 2021 | L29: 12.6 | M29: =+J29&K29 -> Florida2021
A30: =+A29 -> Far West | B30: 2022 | C30: 5098918.7 | D30: =+A30&B30 -> Far West2022 | E30: Far West | F30: 2022 | G30: 116182 | H30: 0.013663014 | I30: =+E30&F30 -> Far West2022 | J30: Florida | K30: 2022 | L30: 13.5 | M30: =+J30&K30 -> Florida2022
A31: =+A30 -> Far West | B31: 2021 | C31: 4741363.3 | D31: =+A31&B31 -> Far West2021 | E31: Far West | F31: 2023 | G31: 119181 | H31: 0.025812949 | I31: =+E31&F31 -> Far West2023 | J31: Florida | K31: 2023 | L31: 11.6 | M31: =+J31&K31 -> Florida2023
A32: Florida | B32: 2023 | C32: 1600810.6 | D32: =+A32&B32 -> Florida2023 | E32: Florida | F32: 2021 | G32: 115338 | H32: 0.094194993 | I32: =+E32&F32 -> Florida2021 | J32: Georgia | K32: 2021 | L32: 14 | M32: =+J32&K32 -> Georgia2021
A33: =+A32 -> Florida | B33: 2022 | C33: 1465281.1 | D33: =+A33&B33 -> Florida2022 | E33: Florida | F33: 2022 | G33: 122172 | H33: 0.059251938 | I33: =+E33&F33 -> Florida2022 | J33: Georgia | K33: 2022 | L33: 11.7 | M33: =+J33&K33 -> Georgia2022
A34: =+A33 -> Florida | B34: 2021 | C34: 1298631.2 | D34: =+A34&B34 -> Florida2021 | E34: Florida | F34: 2023 | G34: 127385 | H34: 0.042669351 | I34: =+E34&F34 -> Florida2023 | J34: Georgia | K34: 2023 | L34: 12.9 | M34: =+J34&K34 -> Georgia2023
A35: Georgia | B35: 2023 | C35: 831827.7 | D35: =+A35&B35 -> Georgia2023 | E35: Georgia | F35: 2021 | G35: 110191 | H35: 0.063281001 | I35: =+E35&F35 -> Georgia2021 | J35: Hawaii | K35: 2021 | L35: 10.9 | M35: =+J35&K35 -> Hawaii2021
A36: =+A35 -> Georgia | B36: 2022 | C36: 779684 | D36: =+A36&B36 -> Georgia2022 | E36: Georgia | F36: 2022 | G36: 114075 | H36: 0.035247888 | I36: =+E36&F36 -> Georgia2022 | J36: Hawaii | K36: 2022 | L36: 8.8 | M36: =+J36&K36 -> Hawaii2022
A37: =+A36 -> Georgia | B37: 2021 | C37: 705546.7 | D37: =+A37&B37 -> Georgia2021 | E37: Georgia | F37: 2023 | G37: 116221 | H37: 0.018812185 | I37: =+E37&F37 -> Georgia2023 | J37: Hawaii | K37: 2023 | L37: 8.2 | M37: =+J37&K37 -> Hawaii2023
A38: Great Lakes | B38: 2023 | C38: 3584948.6 | D38: =+A38&B38 -> Great Lakes2023 | E38: Great Lakes | F38: 2021 | G38: 104823 | H38: 0.056140492 | I38: =+E38&F38 -> Great Lakes2021 | J38: Idaho | K38: 2021 | L38: 9.3 | M38: =+J38&K38 -> Idaho2021
A39: =+A38 -> Great Lakes | B39: 2022 | C39: 3374137.4 | D39: =+A39&B39 -> Great Lakes2022 | E39: Great Lakes | F39: 2022 | G39: 106922 | H39: 0.020024231 | I39: =+E39&F39 -> Great Lakes2022 | J39: Idaho | K39: 2022 | L39: 8.2 | M39: =+J39&K39 -> Idaho2022
A40: =+A39 -> Great Lakes | B40: 2021 | C40: 3080232.8 | D40: =+A40&B40 -> Great Lakes2021 | E40: Great Lakes | F40: 2023 | G40: 108571 | H40: 0.015422457 | I40: =+E40&F40 -> Great Lakes2023 | J40: Idaho | K40: 2023 | L40: 9.1 | M40: =+J40&K40 -> Idaho2023
A41: Hawaii | B41: 2023 | C41: 110265.4 | D41: =+A41&B41 -> Hawaii2023 | E41: Hawaii | F41: 2021 | G41: 96537 | H41: 0.057221395 | I41: =+E41&F41 -> Hawaii2021 | J41: Illinois | K41: 2021 | L41: 10.7 | M41: =+J41&K41 -> Illinois2021
A42: =+A41 -> Hawaii | B42: 2022 | C42: 103153.1 | D42: =+A42&B42 -> Hawaii2022 | E42: Hawaii | F42: 2022 | G42: 99373 | H42: 0.029377337 | I42: =+E42&F42 -> Hawaii2022 | J42: Illinois | K42: 2022 | L42: 9.5 | M42: =+J42&K42 -> Illinois2022
A43: =+A42 -> Hawaii | B43: 2021 | C43: 93400.4 | D43: =+A43&B43 -> Hawaii2021 | E43: Hawaii | F43: 2023 | G43: 101347 | H43: 0.019864551 | I43: =+E43&F43 -> Hawaii2023 | J43: Illinois | K43: 2023 | L43: 9.8 | M43: =+J43&K43 -> Illinois2023
A44: Idaho | B44: 2023 | C44: 120958.3 | D44: =+A44&B44 -> Idaho2023 | E44: Idaho | F44: 2021 | G44: 121985 | H44: 0.075591648 | I44: =+E44&F44 -> Idaho2021 | J44: Indiana | K44: 2021 | L44: 10.4 | M44: =+J44&K44 -> Indiana2021
A45: =+A44 -> Idaho | B45: 2022 | C45: 112290.1 | D45: =+A45&B45 -> Idaho2022 | E45: Idaho | F45: 2022 | G45: 127379 | H45: 0.044218551 | I45: =+E45&F45 -> Idaho2022 | J45: Indiana | K45: 2022 | L45: 10.4 | M45: =+J45&K45 -> Indiana2022
A46: =+A45 -> Idaho | B46: 2021 | C46: 99839.1 | D46: =+A46&B46 -> Idaho2021 | E46: Idaho | F46: 2023 | G46: 131484 | H46: 0.032226662 | I46: =+E46&F46 -> Idaho2023 | J46: Indiana | K46: 2023 | L46: 8.3 | M46: =+J46&K46 -> Indiana2023
A47: Illinois | B47: 2023 | C47: 1098346.1 | D47: =+A47&B47 -> Illinois2023 | E47: Illinois | F47: 2021 | G47: 102769 | H47: 0.056392175 | I47: =+E47&F47 -> Illinois2021 | J47: Iowa | K47: 2021 | L47: 9.7 | M47: =+J47&K47 -> Iowa2021
A48: =+A47 -> Illinois | B48: 2022 | C48: 1040353.3 | D48: =+A48&B48 -> Illinois2022 | E48: Illinois | F48: 2022 | G48: 105248 | H48: 0.02412206 | I48: =+E48&F48 -> Illinois2022 | J48: Iowa | K48: 2022 | L48: 9.4 | M48: =+J48&K48 -> Iowa2022
A49: =+A48 -> Illinois | B49: 2021 | C49: 946776.2 | D49: =+A49&B49 -> Illinois2021 | E49: Illinois | F49: 2023 | G49: 106343 | H49: 0.010403998 | I49: =+E49&F49 -> Illinois2023 | J49: Iowa | K49: 2023 | L49: 8 | M49: =+J49&K49 -> Iowa2023
A50: Indiana | B50: 2023 | C50: 499503.1 | D50: =+A50&B50 -> Indiana2023 | E50: Indiana | F50: 2021 | G50: 108275 | H50: 0.07597138 | I50: =+E50&F50 -> Indiana2021 | J50: Kansas | K50: 2021 | L50: 7.1 | M50: =+J50&K50 -> Kansas2021
A51: =+A50 -> Indiana | B51: 2022 | C51: 473492.9 | D51: =+A51&B51 -> Indiana2022 | E51: Indiana | F51: 2022 | G51: 111676 | H51: 0.03141076 | I51: =+E51&F51 -> Indiana2022 | J51: Kansas | K51: 2022 | L51: 10.5 | M51: =+J51&K51 -> Kansas2022
A52: =+A51 -> Indiana | B52: 2021 | C52: 425863.8 | D52: =+A52&B52 -> Indiana2021 | E52: Indiana | F52: 2023 | G52: 113077 | H52: 0.01254522 | I52: =+E52&F52 -> Indiana2023 | J52: Kansas | K52: 2023 | L52: 8.8 | M52: =+J52&K52 -> Kansas2023
A53: Iowa | B53: 2023 | C53: 254032 | D53: =+A53&B53 -> Iowa2023 | E53: Iowa | F53: 2021 | G53: 107493 | H53: 0.079528793 | I53: =+E53&F53 -> Iowa2021 | J53: Kentucky | K53: 2021 | L53: 16.2 | M53: =+J53&K53 -> Kentucky2021
A54: =+A53 -> Iowa | B54: 2022 | C54: 242752.9 | D54: =+A54&B54 -> Iowa2022 | E54: Iowa | F54: 2022 | G54: 107725 | H54: 0.0021582801 | I54: =+E54&F54 -> Iowa2022 | J54: Kentucky | K54: 2022 | L54: 17.1 | M54: =+J54&K54 -> Kentucky2022
A55: =+A54 -> Iowa | B55: 2021 | C55: 223870.9 | D55: =+A55&B55 -> Iowa2021 | E55: Iowa | F55: 2023 | G55: 107977 | H55: 0.0023392899 | I55: =+E55&F55 -> Iowa2023 | J55: Kentucky | K55: 2023 | L55: 13.6 | M55: =+J55&K55 -> Kentucky2023
A56: Kansas | B56: 2023 | C56: 228232.4 | D56: =+A56&B56 -> Kansas2023 | E56: Kansas | F56: 2021 | G56: 103915 | H56: 0.028128463 | I56: =+E56&F56 -> Kansas2021 | J56: Louisiana | K56: 2021 | L56: 18.4 | M56: =+J56&K56 -> Louisiana2021
A57: =+A56 -> Kansas | B57: 2022 | C57: 212611.6 | D57: =+A57&B57 -> Kansas2022 | E57: Kansas | F57: 2022 | G57: 106734 | H57: 0.027127941 | I57: =+E57&F57 -> Kansas2022 | J57: Louisiana | K57: 2022 | L57: 16.9 | M57: =+J57&K57 -> Louisiana2022
A58: =+A57 -> Kansas | B58: 2021 | C58: 191738.1 | D58: =+A58&B58 -> Kansas2021 | E58: Kansas | F58: 2023 | G58: 110538 | H58: 0.035640002 | I58: =+E58&F58 -> Kansas2023 | J58: Louisiana | K58: 2023 | L58: 21.5 | M58: =+J58&K58 -> Louisiana2023
A59: Kentucky | B59: 2023 | C59: 279707.5 | D59: =+A59&B59 -> Kentucky2023 | E59: Kentucky | F59: 2021 | G59: 105683 | H59: 0.044081762 | I59: =+E59&F59 -> Kentucky2021 | J59: Maine | K59: 2021 | L59: 9.1 | M59: =+J59&K59 -> Maine2021
A60: =+A59 -> Kentucky | B60: 2022 | C60: 261540.7 | D60: =+A60&B60 -> Kentucky2022 | E60: Kentucky | F60: 2022 | G60: 107954 | H60: 0.021488792 | I60: =+E60&F60 -> Kentucky2022 | J60: Maine | K60: 2022 | L60: 9.6 | M60: =+J60&K60 -> Maine2022
A61: =+A60 -> Kentucky | B61: 2021 | C61: 238428.9 | D61: =+A61&B61 -> Kentucky2021 | E61: Kentucky | F61: 2023 | G61: 110244 | H61: 0.021212739 | I61: =+E61&F61 -> Kentucky2023 | J61: Maine | K61: 2023 | L61: 7.4 | M61: =+J61&K61 -> Maine2023
A62: Louisiana | B62: 2023 | C62: 314988.6 | D62: =+A62&B62 -> Louisiana2023 | E62: Louisiana | F62: 2021 | G62: 99170 | H62: 0.038820917 | I62: =+E62&F62 -> Louisiana2021 | J62: Maryland | K62: 2021 | L62: 7.7 | M62: =+J62&K62 -> Maryland2021
A63: =+A62 -> Louisiana | B63: 2022 | C63: 298424.5 | D63: =+A63&B63 -> Louisiana2022 | E63: Louisiana | F63: 2022 | G63: 98759 | H63: -0.0041443985 | I63: =+E63&F63 -> Louisiana2022 | J63: Maryland | K63: 2022 | L63: 8.6 | M63: =+J63&K63 -> Maryland2022
A64: =+A63 -> Louisiana | B64: 2021 | C64: 267263.6 | D64: =+A64&B64 -> Louisiana2021 | E64: Louisiana | F64: 2023 | G64: 103663 | H64: 0.049656234 | I64: =+E64&F64 -> Louisiana2023 | J64: Maryland | K64: 2023 | L64: 8.9 | M64: =+J64&K64 -> Maryland2023
A65: Maine | B65: 2023 | C65: 93270 | D65: =+A65&B65 -> Maine2023 | E65: Maine | F65: 2021 | G65: 112923 | H65: 0.05535514 | I65: =+E65&F65 -> Maine2021 | J65: Massachusetts | K65: 2021 | L65: 7.6 | M65: =+J65&K65 -> Massachusetts2021
A66: =+A65 -> Maine | B66: 2022 | C66: 86493.3 | D66: =+A66&B66 -> Maine2022 | E66: Maine | F66: 2022 | G66: 115929 | H66: 0.026619909 | I66: =+E66&F66 -> Maine2022 | J66: Massachusetts | K66: 2022 | L66: 9.6 | M66: =+J66&K66 -> Massachusetts2022
A67: =+A66 -> Maine | B67: 2021 | C67: 79193.9 | D67: =+A67&B67 -> Maine2021 | E67: Maine | F67: 2023 | G67: 119357 | H67: 0.029569823 | I67: =+E67&F67 -> Maine2023 | J67: Massachusetts | K67: 2023 | L67: 9.1 | M67: =+J67&K67 -> Massachusetts2023
A68: Maryland | B68: 2023 | C68: 515607.3 | D68: =+A68&B68 -> Maryland2023 | E68: Maryland | F68: 2021 | G68: 101811 | H68: 0.046738292 | I68: =+E68&F68 -> Maryland2021 | J68: Michigan | K68: 2021 | L68: 11.7 | M68: =+J68&K68 -> Michigan2021
A69: =+A68 -> Maryland | B69: 2022 | C69: 484907.6 | D69: =+A69&B69 -> Maryland2022 | E69: Maryland | F69: 2022 | G69: 104176 | H69: 0.023229317 | I69: =+E69&F69 -> Maryland2022 | J69: Michigan | K69: 2022 | L69: 12.1 | M69: =+J69&K69 -> Michigan2022
A70: =+A69 -> Maryland | B70: 2021 | C70: 447753.6 | D70: =+A70&B70 -> Maryland2021 | E70: Maryland | F70: 2023 | G70: 105792 | H70: 0.01551221 | I70: =+E70&F70 -> Maryland2023 | J70: Michigan | K70: 2023 | L70: 12.1 | M70: =+J70&K70 -> Michigan2023
A71: Massachusetts | B71: 2023 | C71: 736296.3 | D71: =+A71&B71 -> Massachusetts2023 | E71: Massachusetts | F71: 2021 | G71: 112409 | H71: 0.064579979 | I71: =+E71&F71 -> Massachusetts2021 | J71: Minnesota | K71: 2021 | L71: 6.9 | M71: =+J71&K71 -> Minnesota2021
A72: =+A71 -> Massachusetts | B72: 2022 | C72: 695612.1 | D72: =+A72&B72 -> Massachusetts2022 | E72: Massachusetts | F72: 2022 | G72: 114699 | H72: 0.020372034 | I72: =+E72&F72 -> Massachusetts2022 | J72: Minnesota | K72: 2022 | L72: 7.6 | M72: =+J72&K72 -> Minnesota2022
A73: =+A72 -> Massachusetts | B73: 2021 | C73: 649511.4 | D73: =+A73&B73 -> Massachusetts2021 | E73: Massachusetts | F73: 2023 | G73: 116105 | H73: 0.012258171 | I73: =+E73&F73 -> Massachusetts2023 | J73: Minnesota | K73: 2023 | L73: 7.2 | M73: =+J73&K73 -> Minnesota2023
A74: Michigan | B74: 2023 | C74: 673818.1 | D74: =+A74&B74 -> Michigan2023 | E74: Michigan | F74: 2021 | G74: 105005 | H74: 0.056760429 | I74: =+E74&F74 -> Michigan2021 | J74: Mississippi | K74: 2021 | L74: 17.4 | M74: =+J74&K74 -> Mississippi2021
A75: =+A74 -> Michigan | B75: 2022 | C75: 627009.1 | D75: =+A75&B75 -> Michigan2022 | E75: Michigan | F75: 2022 | G75: 107646 | H75: 0.025151183 | I75: =+E75&F75 -> Michigan2022 | J75: Mississippi | K75: 2022 | L75: 18.4 | M75: =+J75&K75 -> Mississippi2022
A76: =+A75 -> Michigan | B76: 2021 | C76: 575116.4 | D76: =+A76&B76 -> Michigan2021 | E76: Michigan | F76: 2023 | G76: 109732 | H76: 0.019378333 | I76: =+E76&F76 -> Michigan2023 | J76: Mississippi | K76: 2023 | L76: 16 | M76: =+J76&K76 -> Mississippi2023
A77: Mideast | B77: 2023 | C77: 4745213.4 | D77: =+A77&B77 -> Mideast2023 | E77: Mideast | F77: 2021 | G77: 105217 | H77: 0.047258358 | I77: =+E77&F77 -> Mideast2021 | J77: Missouri | K77: 2021 | L77: 12.3 | M77: =+J77&K77 -> Missouri2021
A78: =+A77 -> Mideast | B78: 2022 | C78: 4474022.8 | D78: =+A78&B78 -> Mideast2022 | E78: Mideast | F78: 2022 | G78: 107285 | H78: 0.019654619 | I78: =+E78&F78 -> Mideast2022 | J78: Missouri | K78: 2022 | L78: 11.4 | M78: =+J78&K78 -> Missouri2022
A79: =+A78 -> Mideast | B79: 2021 | C79: 4150649.2 | D79: =+A79&B79 -> Mideast2021 | E79: Mideast | F79: 2023 | G79: 109203 | H79: 0.017877616 | I79: =+E79&F79 -> Mideast2023 | J79: Missouri | K79: 2023 | L79: 9.7 | M79: =+J79&K79 -> Missouri2023
A80: Minnesota | B80: 2023 | C80: 483162.1 | D80: =+A80&B80 -> Minnesota2023 | E80: Minnesota | F80: 2021 | G80: 106547 | H80: 0.057265619 | I80: =+E80&F80 -> Minnesota2021 | J80: Montana | K80: 2021 | L80: 10.7 | M80: =+J80&K80 -> Montana2021
A81: =+A80 -> Minnesota | B81: 2022 | C81: 454992.8 | D81: =+A81&B81 -> Minnesota2022 | E81: Minnesota | F81: 2022 | G81: 108459 | H81: 0.017945132 | I81: =+E81&F81 -> Minnesota2022 | J81: Montana | K81: 2022 | L81: 10.4 | M81: =+J81&K81 -> Montana2022
A82: =+A81 -> Minnesota | B82: 2021 | C82: 416538.7 | D82: =+A82&B82 -> Minnesota2021 | E82: Minnesota | F82: 2023 | G82: 110201 | H82: 0.016061369 | I82: =+E82&F82 -> Minnesota2023 | J82: Montana | K82: 2023 | L82: 8.1 | M82: =+J82&K82 -> Montana2023
A83: Mississippi | B83: 2023 | C83: 151146.7 | D83: =+A83&B83 -> Mississippi2023 | E83: Mississippi | F83: 2021 | G83: 104891 | H83: 0.048511566 | I83: =+E83&F83 -> Mississippi2021 | J83: Nebraska | K83: 2021 | L83: 8.1 | M83: =+J83&K83 -> Nebraska2021
A84: =+A83 -> Mississippi | B84: 2022 | C84: 142762.3 | D84: =+A84&B84 -> Mississippi2022 | E84: Mississippi | F84: 2022 | G84: 105691 | H84: 0.0076269651 | I84: =+E84&F84 -> Mississippi2022 | J84: Nebraska | K84: 2022 | L84: 7.9 | M84: =+J84&K84 -> Nebraska2022
A85: =+A84 -> Mississippi | B85: 2021 | C85: 129944.7 | D85: =+A85&B85 -> Mississippi2021 | E85: Mississippi | F85: 2023 | G85: 108403 | H85: 0.025659706 | I85: =+E85&F85 -> Mississippi2023 | J85: Nebraska | K85: 2023 | L85: 9.2 | M85: =+J85&K85 -> Nebraska2023
A86: Missouri | B86: 2023 | C86: 430114.4 | D86: =+A86&B86 -> Missouri2023 | E86: Missouri | F86: 2021 | G86: 106524 | H86: 0.051528074 | I86: =+E86&F86 -> Missouri2021 | J86: Nevada | K86: 2021 | L86: 12.8 | M86: =+J86&K86 -> Nevada2021
A87: =+A86 -> Missouri | B87: 2022 | C87: 400265.1 | D87: =+A87&B87 -> Missouri2022 | E87: Missouri | F87: 2022 | G87: 109117 | H87: 0.024341932 | I87: =+E87&F87 -> Missouri2022 | J87: Nevada | K87: 2022 | L87: 12 | M87: =+J87&K87 -> Nevada2022
A88: =+A87 -> Missouri | B88: 2021 | C88: 366441.5 | D88: =+A88&B88 -> Missouri2021 | E88: Missouri | F88: 2023 | G88: 111955 | H88: 0.02600878 | I88: =+E88&F88 -> Missouri2023 | J88: Nevada | K88: 2023 | L88: 13.9 | M88: =+J88&K88 -> Nevada2023
A89: Montana | B89: 2023 | C89: 73254.5 | D89: =+A89&B89 -> Montana2023 | E89: Montana | F89: 2021 | G89: 109971 | H89: 0.066468187 | I89: =+E89&F89 -> Montana2021 | J89: New Hampshire | K89: 2021 | L89: 6.9 | M89: =+J89&K89 -> New Hampshire2021
A90: =+A89 -> Montana | B90: 2022 | C90: 68702 | D90: =+A90&B90 -> Montana2022 | E90: Montana | F90: 2022 | G90: 113871 | H90: 0.035463895 | I90: =+E90&F90 -> Montana2022 | J90: New Hampshire | K90: 2022 | L90: 8.3 | M90: =+J90&K90 -> New Hampshire2022
A91: =+A90 -> Montana | B91: 2021 | C91: 60399.7 | D91: =+A91&B91 -> Montana2021 | E91: Montana | F91: 2023 | G91: 118367 | H91: 0.039483275 | I91: =+E91&F91 -> Montana2023 | J91: New Hampshire | K91: 2023 | L91: 6.1 | M91: =+J91&K91 -> New Hampshire2023
A92: Nebraska | B92: 2023 | C92: 181285 | D92: =+A92&B92 -> Nebraska2023 | E92: Nebraska | F92: 2021 | G92: 109511 | H92: 0.064733163 | I92: =+E92&F92 -> Nebraska2021 | J92: New Jersey | K92: 2021 | L92: 7.6 | M92: =+J92&K92 -> New Jersey2021
A93: =+A92 -> Nebraska | B93: 2022 | C93: 167480.2 | D93: =+A93&B93 -> Nebraska2022 | E93: Nebraska | F93: 2022 | G93: 113164 | H93: 0.03335738 | I93: =+E93&F93 -> Nebraska2022 | J93: New Jersey | K93: 2022 | L93: 8.7 | M93: =+J93&K93 -> New Jersey2022
A94: =+A93 -> Nebraska | B94: 2021 | C94: 150836.1 | D94: =+A94&B94 -> Nebraska2021 | E94: Nebraska | F94: 2023 | G94: 117692 | H94: 0.040012725 | I94: =+E94&F94 -> Nebraska2023 | J94: New Jersey | K94: 2023 | L94: 9 | M94: =+J94&K94 -> New Jersey2023
A95: Nevada | B95: 2023 | C95: 245978.8 | D95: =+A95&B95 -> Nevada2023 | E95: Nevada | F95: 2021 | G95: 111811 | H95: 0.098739227 | I95: =+E95&F95 -> Nevada2021 | J95: New Mexico | K95: 2021 | L95: 18 | M95: =+J95&K95 -> New Mexico2021
A96: =+A95 -> Nevada | B96: 2022 | C96: 227320.6 | D96: =+A96&B96 -> Nevada2022 | E96: Nevada | F96: 2022 | G96: 116706 | H96: 0.043779235 | I96: =+E96&F96 -> Nevada2022 | J96: New Mexico | K96: 2022 | L96: 20.2 | M96: =+J96&K96 -> New Mexico2022
A97: =+A96 -> Nevada | B97: 2021 | C97: 201705.7 | D97: =+A97&B97 -> Nevada2021 | E97: Nevada | F97: 2023 | G97: 119735 | H97: 0.025954107 | I97: =+E97&F97 -> Nevada2023 | J97: New Mexico | K97: 2023 | L97: 17.3 | M97: =+J97&K97 -> New Mexico2023
A98: New England | B98: 2023 | C98: 1410686.8 | D98: =+A98&B98 -> New England2023 | E98: New England | F98: 2021 | G98: 107862 | H98: 0.056279685 | I98: =+E98&F98 -> New England2021 | J98: New York | K98: 2021 | L98: 12.5 | M98: =+J98&K98 -> New York2021
A99: =+A98 -> New England | B99: 2022 | C99: 1324160.7 | D99: =+A99&B99 -> New England2022 | E99: New England | F99: 2022 | G99: 110475 | H99: 0.024225399 | I99: =+E99&F99 -> New England2022 | J99: New York | K99: 2022 | L99: 12.7 | M99: =+J99&K99 -> New York2022
A100: =+A99 -> New England | B100: 2021 | C100: 1229266.4 | D100: =+A100&B100 -> New England2021 | E100: New England | F100: 2023 | G100: 112481 | H100: 0.018157954 | I100: =+E100&F100 -> New England2023 | J100: New York | K100: 2023 | L100: 11 | M100: =+J100&K100 -> New York2023
...
